"","area","male.le.1991","male.le.1992","male.le.1993","male.le.1994","male.le.1995","male.le.1996","male.le.1997","male.le.1998","male.le.1999","male.le.2000","male.le.2001","male.le.2002","male.le.2003","male.le.2004","male.le.2005","male.le.2006","male.le.2007","male.le.2008","male.le.2009","male.le.2010","female.le.1991","female.le.1992","female.le.1993","female.le.1994","female.le.1995","female.le.1996","female.le.1997","female.le.1998","female.le.1999","female.le.2000","female.le.2001","female.le.2002","female.le.2003","female.le.2004","female.le.2005","female.le.2006","female.le.2007","female.le.2008","female.le.2009","female.le.2010"
"1","E06000001",71.7,71.9,72.1,72.2,72.5,72.5,72.9,73,73.4,73.1,73.4,73.4,74.2,74.5,75.1,75.3,75.5,76.1,76.6,77.4,77.4,77.5,77.6,77.9,77.8,78,78.1,78.9,79.1,79.1,78.4,78.2,78.3,78.4,78.2,79.1,80,81.2,81.2,81.5
"2","E06000002",70.8,71.2,71.5,71.6,72.1,72.6,73.1,73.2,73.2,73.5,73.7,74,74,74.4,74.8,75.2,75.4,75.7,75.8,76.3,76.7,77.2,77.7,77.9,78.2,78.4,78.6,78.6,78.7,78.2,78.1,77.9,78.6,79.1,79.5,79.6,79.6,79.9,80.1,80.2
"3","E06000003",72.4,72.5,72.3,73,73.1,73.4,73.7,74.2,74.9,75.1,75.1,74.9,75.1,75.9,76.6,77,77.5,78,78.4,78.7,77.4,78,78.1,78.6,78.8,79.4,79.2,79.2,79.1,79.5,79.6,80,80.2,80.4,80.6,80.8,81.5,81.6,82,82
"4","E06000004",72.2,72.6,73,73.1,73.4,73.7,74.2,74.6,74.8,75.2,75.3,75.4,75.6,75.8,76.3,76.2,76.7,77.3,78,78.3,77.3,77.8,78.1,78.4,78.5,78.4,78.5,78.9,79.3,79.7,79.7,79.9,79.9,80.2,80.7,80.8,81.1,81.6,81.9,82.3
"5","E06000005",72.1,72.8,73.2,73.6,73.7,73.4,73.5,73.9,74.3,74.5,74.8,74.8,75.3,75.3,76.4,76.5,76.8,77.3,78,78.7,76.7,77.3,78.1,78.5,79.1,79.2,79.4,79,78.9,79.1,79.6,79.9,80,80,80.4,80.5,80.9,81.6,82.4,82.7
"6","E06000006",71.9,72.7,72.7,72.6,72.1,72.1,72.7,73.6,73.7,73.7,73.9,74.2,74.5,74.4,74.7,75,75.4,75.9,76.5,77.1,77.8,77.8,77.3,77.3,77,76.9,77,77.4,77.9,78,78.2,78.2,78.4,78.5,78.8,79.1,79.6,80.1,80.7,80.6
"7","E06000007",72.4,72.7,72.9,73.3,73.6,74,74.6,74.9,75.3,75.5,75.7,75.8,76,76.2,76.3,76.7,77.5,77.9,78.1,78.2,77.9,78,78.5,78.4,78.8,78.7,79.1,79.1,79.5,79.9,80,80.4,80.7,81,80.7,80.6,81.1,81.6,82,82
"8","E06000008",71.3,71.7,72.2,72.2,71.5,71.5,72,72.5,73.1,73.1,74,74,74.5,74.4,74.4,74.7,74.9,75.4,75.7,76.5,77,77.3,77.6,77.9,77.6,77.3,77.1,77.6,77.8,78,77.7,78.2,78.5,79.3,79.4,79.7,79.6,80,80.5,80.9
"9","E06000009",71.6,71.5,71,71.5,71.6,72.1,72.2,72.2,72,71.7,72,72.8,73.2,73.4,73.2,73.7,73.8,73.8,73.8,74,78.3,78.6,78,77.7,77.3,77.4,77.9,78.2,78.4,78.4,78.4,78.4,78.8,78.8,79.1,78.9,79.6,79.6,80,80
"10","E06000010",72.6,72.9,72.8,72.7,72.9,72.7,72.9,73,73.4,73.7,73.7,74.3,74.3,74.6,74.7,74.8,75,75.5,75.9,76.6,78.1,78.1,78.1,78.1,78.2,78.1,78.4,78.5,79.3,79.3,79.4,79.1,78.9,78.9,79,79.5,79.9,80.2,80.4,80.5
"11","E06000011",74.7,74.7,74.8,74.9,75.2,75.3,75.7,76.1,76.8,77.1,77.2,77.4,77.6,78,78.5,78.7,79.1,79,79.4,79.6,79.6,79.9,79.8,79.9,80,80.1,80,80.2,80.6,81.2,81.1,81.1,81.1,81.7,81.9,82.3,82.4,82.8,83,82.9
"12","E06000012",72.7,73.2,73.3,73.8,73.6,73.6,73.6,74.1,74.3,74.5,74.6,75,75.3,75.9,76,75.9,76,76.6,77.7,77.9,78.4,78.9,79.2,79.8,80,79.8,79.4,79.1,79.7,80.1,80.5,80.5,80.8,80.8,80.7,80.8,81.2,81.7,81.8,81.9
"13","E06000013",72.6,73.3,73,73.5,73.7,73.9,73.9,74.2,75,75.5,75.5,75.9,76.2,76.8,77.2,77.3,77.6,77.9,78.5,78.3,78.8,78.6,78.9,79.2,79.4,79,79.3,79.8,80.2,80.7,80.8,81.1,81.1,80.9,81.1,81,81.4,82,82.2,82.8
"14","E06000014",74.2,74.6,74.7,75.2,75.6,75.7,76.1,76.5,76.7,76.9,76.8,77.3,77.2,77.8,78.5,79.2,79.5,79.6,79.4,79.6,79.9,80.3,80.2,80.6,81.2,81.3,81.5,81.2,81.5,81.5,81.9,82.1,82.7,83.1,83.3,83.1,83.1,82.9,83.2,83.2
"15","E06000015",72.6,73.1,73.6,74,74.2,74.5,74.5,74.8,75.2,75.6,75.9,76.1,76.5,76.7,76.8,77,77.1,77.5,78.2,78.6,78.4,79.1,79.2,79.5,79.6,79.9,80.1,80.1,80.2,80.2,80.3,80.6,81.3,81.7,81.8,81.4,81.4,81.7,82.5,82.8
"16","E06000016",72.3,72.7,73,73.1,73.2,73.3,73.4,73.3,73.6,74.2,74.2,74.6,74.8,75.5,75.6,75.8,75.7,75.8,76.3,77,78.3,78.5,78.6,78.5,78.6,78.6,78.7,78.8,79,79.3,79.1,79.1,79.3,79.6,80.1,80.2,80.4,80.6,81.3,81.8
"17","E06000017",74.9,74.9,76.5,76.4,76.9,77.3,77.8,78.5,78.6,79.6,79.2,79.6,79.4,80.5,80,79.9,80.3,81.2,81.9,81,81,81.1,80.8,81.4,80.8,81.5,81.8,82,82,82.4,83.6,84,83.7,84,84.7,84.5,83.9,83.2,83.8,84.7
"18","E06000018",71.7,72.1,72.3,72.8,72.5,72.4,72.3,72.9,73,73.4,73,73.4,73.6,74.5,74.7,75.3,75.4,75.9,76.2,76.9,77.7,78,78.4,78.7,78.6,78.4,78.3,78.3,78.3,78.5,78.6,79,79.3,79.9,80.3,80.3,80.6,81,81.6,81.5
"19","E06000019",74.9,75.2,75.5,75.7,75.8,76.3,76.5,77,77.1,77.3,77.2,77.4,77.5,77.7,78,78.5,79,79.1,79.4,79.7,80.1,80.5,80.7,80.7,80.7,80.6,81,81.3,81.9,82.2,82.5,82.5,82.3,82.7,82.9,83.2,83,83.3,83.6,83.7
"20","E06000020",73.1,73.5,73.6,73.9,73.9,74,74.1,74.7,75.2,75.6,75.8,76.3,76.5,76.9,76.8,77.2,77.2,77.3,77.4,77.9,78.6,78.9,79.1,79.5,79.3,79.6,79.4,79.5,79.3,79.5,79.8,80.1,80.7,80.6,81.2,81.2,81.8,81.8,82,81.6
"21","E06000021",71.5,71.9,72.1,72.2,72.5,72.7,72.6,72.8,73.1,73.5,73.3,73.2,73.7,74.5,75,75.4,75.5,76.2,76.5,76.7,77.1,77.5,77.8,78.6,78.6,78.7,78.6,78.7,78.8,78.9,78.9,78.7,79.1,79.5,79.9,79.6,79.7,80,80.5,80.5
"22","E06000022",75.2,75.7,75.2,75.9,76.4,77.1,77.2,77.4,77.6,77.9,78,78.4,78.8,79.3,79.6,79.9,79.9,80,80.1,80.6,80.4,80.7,81,81.3,81.3,81.5,81.7,81.9,82.3,82.7,83.1,82.8,82.8,83,83.2,83.5,83.7,84,84.3,84.4
"23","E06000023",73.4,74,74,74.4,74.5,74.8,74.7,75,75.1,75.4,75.3,75.8,76.3,76.9,77,76.9,77.1,77.4,78,78.3,79.3,79.7,79.9,80.5,80.2,80.4,80.4,80.5,80.5,80.4,80.5,80.6,80.8,81.2,81.5,81.8,82.1,82.3,82.6,83
"24","E06000024",75.6,75.8,75.8,75.8,75.7,76.3,76.6,77.1,77,77.2,77.3,77.7,78.2,78.7,79,78.9,79,79,79.4,79.6,80.5,80.8,80.8,81.3,81.3,81.3,81.1,81.4,81.6,81.7,81.5,82,82.2,82.6,82.7,83.1,83.5,83.6,83.6,83.5
"25","E06000025",75.7,76.3,76.5,76.6,76.6,77.2,77.7,77.7,78,78.3,78.7,79.1,79.2,79.3,79.4,79.8,80.3,80.5,80.7,81,80.6,81.1,81.4,81.5,81.2,81.2,81.1,81.5,81.8,82.2,82,82.3,82.8,83.6,83.6,83.6,83.9,84.2,84.6,84.6
"26","E06000026",73.3,73.3,73.3,73.6,73.8,74.1,74.5,74.7,75.1,75.5,75.7,75.9,76,76.5,76.8,77.3,77.4,77.8,78,78.3,79,79.4,79.4,79.6,79.6,79.8,80.1,80.2,80.4,80.4,80.4,80.6,80.9,81.6,81.8,81.9,81.9,81.8,82.1,82.1
"27","E06000027",74.3,74.3,75.2,75.9,75.8,75.3,75.8,76.1,76.6,76.3,76.4,76.3,76.3,76.8,77.1,77.8,77.6,77.9,78.4,79.1,80.9,81.1,80.7,80.3,80.5,80.8,81.2,81.3,81.2,81.3,81,81.6,81.7,82.7,82.2,82.3,81.8,82.2,82.1,82.4
"28","E06000028",74.6,75,75,74.8,74.6,74.9,75.3,75.5,75.8,75.9,76.1,76.6,77.3,78,78.2,78.4,78.5,78.5,78.6,78.6,80.5,80.7,80.4,80.5,80.4,80.7,80.6,80.6,80.5,81,81.5,81.9,81.9,81.9,82.2,82.3,82.7,82.8,83.3,83.1
"29","E06000029",75.7,75.9,75.9,75.9,75.9,76.5,77,77.5,77.9,78,78.2,78,78.1,78.4,79.1,79.1,79.5,79.5,80.1,80.2,80.5,80.7,80.9,81.3,81.2,81.5,81.5,81.6,81.8,81.9,82.1,82.2,82.5,83,83.4,83.2,83.5,83.6,84.1,84.1
"30","E06000030",73.7,74.2,74.6,74.6,74.9,74.9,75.4,75.7,75.9,76.1,76.4,77.1,77.4,77.5,77.7,77.9,78.5,78.7,79.2,79.3,79.1,79.5,79.4,79.5,79.3,79.4,79.4,79.9,80.1,80.2,80,80.3,80.7,81.2,81.4,82,82.5,82.8,82.7,82.7
"31","E06000031",73.8,73.9,73.9,74.2,74.7,75,75.1,75,75.3,75.1,75.3,75.8,76.3,76.8,76.6,77.1,77.4,77.8,77.7,77.9,79.2,79.2,79.6,79.5,79.3,79.1,79.4,79.5,79.5,79.5,79.7,80.4,80.4,80.8,80.8,81.3,81.9,82.3,82.6,82.5
"32","E06000032",73.3,73.8,73.7,74.1,74.1,74.3,74.5,74.5,74.7,75,75.1,75.4,75.5,75.9,76.3,76.4,76.9,77.2,77.9,78,78.7,79.2,79.5,79.7,79.3,79.4,79.2,79.6,79,79.1,79.2,79.7,79.9,80.1,80.4,80.6,80.8,81.2,81.9,82.1
"33","E06000033",74,74.3,74.8,75.1,75.1,75.2,75.6,75.6,75.6,75.5,75.6,76.3,76.7,77.4,77.2,77.8,77.8,78.2,78.7,79.7,79.7,79.8,79.4,79.3,79.5,80.1,80.7,80.7,80.4,80.1,80.2,80.5,80.8,80.9,81.6,81.8,82.3,82.1,82.4,82.6
"34","E06000034",72.8,73.4,73.9,74,74.2,74.4,74.6,75.1,75.3,75.8,75.7,76.3,76.9,77.6,77.8,77.8,78,78.3,78.8,79.2,79.2,79.7,79.5,79.7,79.8,80.1,80.2,80,80.4,80.5,80.7,80.7,81,81.3,81.3,81.5,81.7,82,82.2,82.4
"35","E06000035",73.8,73.9,73.6,73.9,74,74.4,74.5,74.6,74.9,75,75.4,75.8,76.4,76.5,76.6,76.9,77.4,77.8,78.2,78.5,78.5,78.9,79,79.2,78.6,79,79.2,79.6,79.6,79.9,80,80.2,80.4,80.8,81.1,81.3,81.7,81.8,82.1,82.2
"36","E06000036",73.9,74.6,75,75.6,75.9,75.6,75.9,75.8,76,76.4,77.3,78,78.1,78.5,78.8,79.4,79.5,79.7,80.4,80.8,79.5,80.1,80.2,79.8,80,79.9,80.3,79.7,80.1,80.8,81.4,81.8,82.1,82.5,82.8,83.1,83.6,84,84,84
"37","E06000037",75.3,75.9,75.9,76.1,76.3,76.6,76.9,77.2,77.5,77.9,77.8,78.3,78.4,78.9,79.3,79.7,80.2,80.5,80.7,80.8,80.2,80.7,80.3,80.3,80.2,80.7,80.9,81.3,81.3,81.7,81.8,82.1,82.4,82.7,82.8,83,83.5,84.1,84.5,84.6
"38","E06000038",73.9,74.4,74.3,74.9,75.2,75.8,76,76.3,76.2,75.9,75.8,75.9,76.3,77,77.5,77.6,77.4,77.8,78.4,78.4,79.6,79.8,80,80.4,80.5,80.6,80.9,81.1,81.2,81.1,81,81.1,81.1,81.6,81.7,81.9,82.3,82.5,82.9,82.7
"39","E06000039",73,73.1,73.2,73.4,73.4,73.7,74.4,75.3,75.3,75.4,75.3,76,77.1,77,77.3,76.9,77.3,78,78.2,78.5,79.4,78.8,79.1,79.1,79.2,79.4,79.5,79.6,79.5,79.9,80.2,80.4,80.6,81.4,82.1,82.3,82.1,82.2,82.6,82.7
"40","E06000040",75.5,75.7,75.5,75.5,75.9,76.2,76.3,76.4,76.4,77,77.4,78,78.3,78.6,79.3,79.5,79.7,80.2,80.7,81.1,79.2,79.4,79.6,80,80.1,80.3,80.9,81.2,81.6,81.7,81.8,82.2,82.6,82.8,82.9,83,83.4,83.8,84.3,84.6
"41","E06000041",76.7,76.8,77.4,77.2,77.8,77.8,77.7,77.8,78,78.7,78.9,79.5,79.9,80.3,80.8,81.1,81.4,81.3,81.5,81.6,80.5,80.9,81,81.1,81.1,80.9,80.6,81.1,82,82.7,82.5,82.7,83.2,83.3,83.5,83.7,84.1,84.2,84.4,84.5
"42","E06000042",73.8,74.3,74.7,75,74.8,74.9,74.9,75.3,75.8,76.2,76.4,76.2,76.5,77.3,77.9,77.9,77.8,77.9,78.4,78.7,78.5,78.8,79.1,79.5,79.6,79.7,79.8,80,79.9,80.3,80,80.3,80.3,80.9,81.4,81.7,82.1,82.1,82.6,82.5
"43","E06000043",72.9,73.2,73.5,73.5,73.7,73.9,74.3,74.4,74.6,74.9,75.1,75.6,76,76.2,76.4,76.6,77.2,77.8,78.5,78.7,79.7,79.7,79.7,80,80.1,80.1,80,80.2,80.5,80.9,80.8,81.1,81.1,81.6,81.5,82.2,82.2,82.8,82.6,83
"44","E06000044",73.1,73.4,73.9,74.2,74.1,74.3,74.2,74.5,74.7,74.9,75.3,75.4,76.1,76.3,76.5,76.6,77.2,77.5,77.7,78.2,79,79.6,79.8,79.5,79,78.9,79,79.3,79.5,79.8,79.9,80.4,80.9,81.5,81.9,81.9,82.3,82.8,82.8,82.6
"45","E06000045",73,73.7,73.5,73.9,74.1,74.5,74.4,74.6,75.3,75.7,75.9,76.2,76.4,76.6,76.8,77.2,78,78.2,78.6,78.5,79.6,80.1,79.9,79.9,79.7,80.2,80.5,80.6,80.7,80.7,80.8,80.9,81.1,81.6,81.8,81.9,82.1,82.4,82.9,82.7
"46","E06000046",74,74.6,74.5,75.2,75.1,75.5,75.6,76,76.5,76.8,77,77.3,77.9,78.3,78.7,78.7,78.9,78.9,79.5,80,80.4,80.7,80.5,80.6,80.7,81.3,81.5,81.8,81.8,81.7,81.7,81.8,82.5,83,82.9,82.6,82.9,83.3,83.7,83.5
"47","E06000047",72.2,72.5,72.9,73,73,73,73.4,73.8,74.2,74.7,74.9,75.3,75.6,75.9,76.5,76.8,76.9,77.1,77.5,77.9,77.5,78,77.9,78.1,78.2,78.4,78.6,78.8,79.1,79.3,79.2,79.3,79.4,79.9,80.2,80.5,80.7,81,81.4,81.5
"48","E06000048",73.1,73.5,73.8,74,73.9,73.8,74.3,74.8,75.5,75.8,75.9,76,76.6,77.2,77.6,77.9,78.4,78.6,78.7,78.8,77.9,78.1,78.4,78.6,78.8,78.8,78.9,79.2,79.6,80.4,80.6,80.8,80.9,81.1,81.2,81.4,81.6,82.1,82.4,82.5
"49","E06000049",74.3,74.7,74.7,75.1,75.1,75.4,75.6,76.1,76.4,76.7,76.9,77.3,77.7,78,78.4,78.7,79.1,79.5,80.1,80.4,79.3,79.5,79.7,79.9,80.2,80.2,80.3,80.5,80.9,81,81.2,81.2,81.5,81.8,82.4,82.6,82.7,82.9,83.3,83.4
"50","E06000050",73.8,73.9,74.2,74.5,75,75.3,75.5,75.8,76,76.5,76.6,76.5,77.1,77.3,77.8,78.1,78.8,79.1,79.3,79.2,78.9,79.1,79.6,79.6,79.9,80,80.3,80.4,80.6,80.7,80.8,81,81.3,81.6,81.7,81.9,82.1,82.3,82.7,82.8
"51","E06000051",74.6,74.8,75,75.4,75.6,75.7,76.2,76.3,76.6,76.5,76.9,77.1,77.6,78,78.5,78.7,79,79,79.6,79.8,79.9,80.1,80.3,80.5,80.8,80.6,80.5,80.7,81.2,81.5,81.2,81.3,81.8,82.7,82.8,82.7,82.7,83,83.4,83.8
"52","E06000052",74.7,74.9,75,75.3,75.3,75.8,76.1,76.5,76.8,77,77.3,77.4,77.6,78.1,78.1,78.4,78.4,79,79.2,79.5,79.8,80.1,80.1,80.3,80.3,80.6,80.9,81.2,81.3,81.4,81.4,81.5,81.8,82.3,82.5,82.6,82.6,82.9,83.3,83.5
"53","E06000054",75.2,75.3,75.6,75.9,76.2,76.4,76.9,77.1,77.4,77.5,78,78.4,78.8,79,79.3,79.4,79.5,79.7,80.1,80.4,80.2,80.3,80.3,80.6,80.7,80.9,81,81.3,81.5,81.7,81.8,82.1,82.4,82.8,83.1,83.3,83.4,83.7,83.8,83.9
"54","E06000055",74.3,74.4,75,75,75.2,75.6,76.1,76.3,76.5,76.5,76.9,76.8,77.6,77.6,78.1,78.3,78.4,78.4,78.7,79.3,79.8,80,79.9,79.6,79.8,80.1,80.7,81,81,81.2,81,81.3,81.2,81.7,81.9,82,82.3,82.5,82.9,83.1
"55","E06000056",74.8,75.3,75.2,75.5,75.5,75.9,76.1,76.5,76.7,77,77.1,77.5,77.5,78,78.4,79,79.3,79.5,80.1,80.5,79.2,79.7,80,80.4,80.4,80.5,80.4,80.9,81.1,81.5,81.5,81.7,81.6,81.9,82,82.4,82.5,83,83.6,84
"56","E07000004",75,75,75.3,75.4,76,75.9,76.6,76.7,77,77.3,77.8,78,77.8,78.2,79,79.9,79.9,79.8,79.7,79.9,79.3,79.4,79.6,80,79.7,80,80,80.3,80.7,81.1,81.4,81.5,81.6,81.7,81.9,82.1,82.4,82.8,83.6,83.9
"57","E07000005",76.2,77,77.4,77.6,78.2,77.8,77.9,77.7,77.7,77.4,77.9,79,80,79.5,79.6,80.2,80.7,80.9,81.4,82.1,81.5,82,82,81.8,81.6,81.2,81.3,81.5,82.1,82.6,83.1,82.9,83,83.5,84.5,85,85.3,85.1,85.3,85.8
"58","E07000006",75,75.3,75.9,76.1,76.4,76.4,76.9,77.1,77.6,78.1,78.8,79.2,79.5,79.6,80.5,81.3,81.6,81.4,81.4,81.5,79.9,80,80,80.3,80.3,80.6,80.6,81.1,81.6,81.5,81.6,82,82.1,82.6,83.2,84.1,84.5,84.2,84.6,84.7
"59","E07000007",75.4,75.7,76.3,76.6,77,76.8,77.2,77.3,77.5,78,78,78.8,78.6,79.3,79.5,80.2,80.3,80.5,80.8,81.3,80.2,80.5,80.6,81,81.1,81.7,81.7,82,81.8,81.9,81.9,82.2,82.6,83.3,83.5,83.9,84.3,84.6,84.7,84.2
"60","E07000008",75.3,76.3,76.9,77.1,76.2,75.9,76.3,76.5,76.8,76.8,77.2,77.4,77.8,78,78,78.1,78.7,79.2,80.2,79.9,81.4,81.5,81.7,81.5,81.4,81.5,81.6,81.7,81.9,82.1,81.7,81.8,81.9,82.3,82.8,82.9,83.3,83.5,84.3,84.5
"61","E07000009",75.7,76.2,76.6,77,77,77.2,77.3,76.9,76.7,76.8,77.2,77.6,78.2,79.2,79.8,80.1,80.5,80.9,80.9,81.5,79.7,80.4,80.5,80.2,80,80.4,80.7,81.2,82.2,82.7,82.6,82.2,82.9,83.8,83.8,83.5,83.4,84.1,84.5,85.3
"62","E07000010",74.1,74.5,74.3,74.1,74.2,74.6,75.5,75.3,74.6,74.7,75,76.1,76.4,77.4,77.4,77.3,77.3,77.6,78.3,79.1,79.2,79.6,79.5,79.2,78.9,78.7,79.3,79.7,80.1,80.2,80.4,81,80.7,80.6,80.9,81.2,82,82.4,82.8,82.8
"63","E07000011",75.2,74.9,75,75.4,76.1,76.1,76.7,76.8,77.2,77.3,77.5,77.8,78.5,78.6,78.7,79,79.7,80.4,80.7,80.9,80.6,80.3,80,80.2,80.6,80.7,80.7,81.1,81.4,81.9,81.6,81.7,81.8,82.2,82.6,82.9,83.6,83.9,84.7,84.4
"64","E07000012",76,76.4,76.8,76.8,77,77.3,77.8,78.4,79,79,79.4,79.1,79.3,79.4,80.6,81.3,81.6,81.3,82.1,82.8,80.8,80.5,80.8,81.3,81.7,81.8,81.8,82.3,82.6,83,83.1,83.4,84,84.3,84.4,84.5,84.5,85.1,85.6,85.9
"65","E07000026",72.6,72.6,72.5,73.4,74,74.5,74.2,74.2,74.7,75.6,76.2,76.5,76.3,76.6,77,77.5,77.9,77.8,78.1,78.2,78.3,78.6,78.9,79.1,78.5,78.1,77.9,79.3,79.9,80.6,80,80.2,80.6,80.7,80.9,80.8,81.3,82,81.9,81.9
"66","E07000027",71.9,72.4,73,73.1,72.9,73.4,73.6,74.2,74.3,74,74.1,74,74.9,75.2,75.8,76.2,76.8,77.4,77.3,77.1,78.1,78.3,78.8,78.8,78.9,78.6,78.9,78.9,79.7,79.9,80.1,80,80.2,80.4,80.6,80.4,80.5,80.7,81.1,81.4
"67","E07000028",72.9,73.2,73.2,73.5,73.6,73.7,73.6,74.1,74.8,75.5,75.7,75.8,75.9,76.3,76.9,77.2,77.3,77.5,78.2,78.5,78.2,79,79.3,79.1,78.8,78.7,78.7,78.6,78.7,79.5,80.1,80.7,80.8,81.1,81.1,81.3,81.4,81.5,81.9,82
"68","E07000029",72.5,72.9,72.8,73.4,74,74.9,74.6,74.4,74.4,74.5,75.2,75.8,76,76.5,76.6,77.2,77.6,77.9,78,77.6,77.1,77.8,78.5,78.6,78.2,77.9,78.5,79,80,79.8,79.6,79.5,80.4,80.6,80.7,79.8,80.4,80.7,81.2,81.4
"69","E07000030",74.2,74.3,74.8,75.1,76.2,76.1,76.3,75.7,76.7,77.6,78.4,78.4,78.1,78.2,78.2,79,79.6,80.1,80.3,80.3,78.8,79.3,78.9,79.3,80.3,81,81.2,81.2,81.3,81.5,81.2,81.5,82.3,83,83,83,83.3,83.9,84.2,84.1
"70","E07000031",75.2,75.6,75.8,76.1,76.4,76.6,76.8,77.3,77.4,77.6,77.9,78.1,78.6,78.8,79.4,79.4,79.4,79.6,80.2,80.9,79.6,80.4,80.6,80.9,80.9,80.8,81.3,81.4,81.9,81.8,81.9,82.1,82.7,82.9,83,82.7,82.8,83.2,83.2,83.4
"71","E07000032",73.6,73.9,74.6,74.8,74.8,74.9,75,75.1,75.4,76,76.5,76.8,77.1,77.7,78,78.1,78.2,78.5,78.6,79.2,79.1,79.1,79.1,79.2,79.5,79.7,79.9,80.1,80.6,80.6,80.7,80.4,80.9,81.3,82.1,81.9,82.1,82,82.7,83.3
"72","E07000033",72.9,72.8,73.3,73.7,73.9,74.2,74.6,74.8,75.2,75.1,74.9,74.6,75.2,76,76.4,76.2,76.6,77.1,77.6,77.9,78.9,79,78.5,78.7,78.3,78,78.1,79,79.7,79.5,79,78.9,79.3,80.1,80.7,80.5,80.7,80.8,82,82
"73","E07000034",72.9,73.2,73.2,73.5,74,74,74.2,74.3,74.7,74.9,74.8,75.6,75.9,76.8,76.9,77.4,77.3,77.2,77.3,77.7,77.8,78,78.1,78.3,78.5,78.5,78.8,79,79.5,79.9,80,80.6,80.4,80.7,81.2,82.1,82.8,82.7,82.5,82.3
"74","E07000035",74.8,75.7,75.6,75.9,75.8,75.8,76.4,77,77.5,77.7,77.2,77.7,78.2,78.9,79.1,79.3,80,80.8,81,81.1,79.9,79.8,80,80.4,80.6,80.9,80.7,80.8,80.5,81.1,81.3,82,82.1,82.4,82.8,82.9,83.6,84.1,84.3,84.3
"75","E07000036",73.6,74.3,74.4,75,74.5,75,74.9,75.4,75.7,75.8,75.9,76.5,77.1,77.4,77.3,77.4,78.6,79,80,79.8,78.9,79,78.8,79.1,79.6,79.8,80,80.2,80.5,80.4,80.5,80.5,81.1,81.1,81.3,81.5,82,82.7,83,83.6
"76","E07000037",73.7,73.9,73.9,74.1,74.2,74.5,75.1,75.2,75.7,76,76.6,77.1,77.5,77.9,77.8,78,78,78.8,79.4,80,78.4,78.3,78.8,79,79.3,79.5,80.1,80.4,80.8,80.7,80.8,80.1,80.3,80.3,81.2,81.5,81.9,82.5,83,83.4
"77","E07000038",73.9,74.3,74.5,74.5,74.6,74.8,75.3,75.9,76.4,76.5,76.9,76.8,77.3,77.5,78,78.3,78.8,79.6,79.5,79.7,78.7,79.2,79.5,79.8,80.1,80.1,80.2,80.3,80.3,80.6,80.2,80.4,80.3,80.8,81,81.6,82.2,82.6,83.1,83
"78","E07000039",74,74.2,74.3,75.4,75.4,75.5,75.1,75.7,76,76.3,76.4,76.8,77.3,77.9,77.8,77.9,78,78.7,79.2,79.4,78.4,78.8,78.6,79.2,79.3,79.7,80,79.8,80.1,80.1,80.2,80.6,80.9,81.6,82,81.8,81.7,82.3,83.1,83.3
"79","E07000040",76.1,76.8,77.3,77.4,77.1,77.2,77.8,77.9,78,77.6,78.6,79.3,79.6,79.3,79.4,80.5,80.5,81,81.1,81.4,82,81.8,82.4,82.5,82.5,82.6,82.4,82.5,82.6,82.6,82.8,82.8,83.1,83.3,83.5,83.8,84.1,84.4,84.6,84.5
"80","E07000041",74,74.8,74.8,74.4,74.9,75.1,75.3,75.4,75.8,76.3,76.9,76.7,76.9,77.2,77.9,78.6,78.6,79,79.4,79.9,79.8,80,80.2,80.7,80.4,80.5,80.4,80.8,81.2,81.3,81.6,82.2,82.5,82.9,83,83.2,83.2,83.3,83.4,83.4
"81","E07000042",74.9,75.2,76.5,76.4,76.9,76.7,77.1,77.2,77.6,78,78.1,78.4,78.1,79.1,79.7,80.3,80.2,80.5,80.1,80.3,80.6,81,81.2,81,81,81.4,82.1,82.3,82.2,82.4,82.5,82.7,82.8,82.8,83.2,83.3,83.8,83.8,84.6,84.9
"82","E07000043",74.4,75.4,75.5,75.7,75.6,75.4,75.3,75,75.6,76.5,76.8,76.9,77.5,77.9,78.2,77.7,78,78.7,79.4,79.7,80.4,80.8,80.2,80.3,80.3,80.7,80.9,80.9,80.8,81.6,81.7,82.1,81.9,82.3,82.8,83.2,83.6,83.7,83.6,83.4
"83","E07000044",76.3,76.8,76.8,76.5,76.4,76.8,77,77.4,78.5,78.6,78.7,78.5,79,79,79.1,79.3,80,80.4,81.2,81.3,81.1,81.6,81.6,81.5,81.7,81.9,82.6,82.8,82.8,82.7,82.8,83.1,83.2,83.4,83.4,83.9,83.8,84.1,84.2,84.7
"84","E07000045",75.6,76.2,76.3,76.4,76.7,77.1,77.4,77,77,77.1,78.2,78.7,79.2,79.5,79.6,79.7,79.8,80.2,80.4,80.1,80.4,80.8,80.9,81.5,81.2,81,80.8,81.4,81.8,82.7,82.7,82.7,82.8,83.2,83.8,83.3,83.2,83.2,83.8,84
"85","E07000046",75.4,74.9,74.6,74.5,75.5,76.1,76.2,76.3,76.3,76.3,76.6,76.9,77.8,78.3,78.3,78.9,79.6,80.2,80.2,80.1,79.7,80,80.2,80.6,80.5,80.6,80.9,80.6,80.5,81.1,81.3,81.9,81.8,82.9,83.2,83,82.9,83.3,83.5,83.2
"86","E07000047",75,75.4,75.9,76.3,76.8,76.8,77.1,76.9,77.5,77.7,78.2,78.4,78.9,79.2,79.3,79.2,79.2,79.9,80.3,79.9,79.9,79.8,80,80.9,81.7,82,82,82.2,82.2,82.4,82.8,82.6,82.9,82.8,84.2,84.3,84.3,83.6,84,84.5
"87","E07000048",76.9,77,77,76.9,76.9,76.9,77.5,78.5,79.3,79,78.2,78.6,79.8,80.5,80.3,80.3,81,81.3,81.6,82,81.9,82.9,82.6,81.9,82.1,82.3,82.4,82.1,83,83.6,83.6,83.3,83.5,84.5,84.6,85.1,85.3,85.1,85.3,85.3
"88","E07000049",77.9,78,77.9,77.6,77.8,78.3,79,79.1,79.3,79.5,80.1,80.8,80.9,81.5,81.4,81.4,81.5,82,83,82.9,82.5,83.1,83.4,83.4,83.2,83,83.2,82.8,82.9,82.9,83.4,83.9,84.1,84.7,85,85.2,85.3,85.8,86.4,86.5
"89","E07000050",75.5,77.2,77,77.3,76.4,76.9,77.3,78.7,79.4,79.1,79.2,79.2,79.4,79.4,79.9,80.8,81.5,81.8,81.8,81.5,81.1,81.2,81,81.5,81.9,83,82.9,83,83,83.1,82.8,83,83.5,83.9,84,84.3,84.7,84.9,85.5,85.5
"90","E07000051",75.6,75.7,76,76.5,76.5,77.4,77.3,77.8,78.6,79.2,79.7,79.3,79,79.4,79.4,80.4,80.6,81.1,80.8,80.8,80.5,80.5,80.5,81.1,81.6,82.3,82.5,83.2,83.2,82.9,82.9,82.9,83.6,83.7,84,83.9,84.2,85.2,85.8,86.6
"91","E07000052",75.6,75.9,76.2,76.2,76.9,76.9,77.7,77.5,77.5,77.5,77.6,78.5,78.6,79.6,79.5,80,79.6,80,80.5,81,80.8,81.3,81.5,81.6,81.4,81.4,81.7,82.3,82.7,82.5,82,82.2,82.6,83.2,83.5,83.9,84.3,84.7,84.9,85
"92","E07000053",74.4,73.5,74.1,74.4,75,75.5,75.9,76,75.9,75.6,75.9,76.4,77.3,77.7,78.3,77.9,78.2,77.7,78.6,78.6,80.4,80.7,80.4,80,80.1,80.8,81.6,81.5,81.4,81.4,81.6,81.6,81.7,82,81.6,81.9,81.8,82.7,82.9,83.1
"93","E07000061",74.9,75,75,75.2,75.5,76,75.8,75.7,75,75.3,75.7,76.5,76.8,77.2,77.8,78.5,78.7,78.2,78.5,78.7,80.5,80.6,80.6,80.7,80.5,80.8,81.1,81.3,81.6,81.7,82,81.9,81.7,81.6,82.1,82.7,83.3,83.4,83.6,83.5
"94","E07000062",73.3,73.6,73.4,73.4,72.7,73.1,74.2,74.3,74.3,74.2,75.2,75.3,75.8,75.5,75.9,76.3,76.6,77.2,76.7,77.5,78.4,79.1,79.4,79.5,79.2,79.5,80,80.3,80,79.6,79.5,79.8,80,80.1,80.3,80.5,80.7,80.8,81,81.2
"95","E07000063",75.7,75.8,75.8,75.8,76.1,77,77.1,77.8,78.2,78.7,78.6,78.4,78.4,78.8,79.8,80.3,80.6,80.6,80.7,80.9,80.7,80.9,81.1,81.8,81.8,81.9,81.6,81.6,81.9,82.3,82.7,82.9,83,83.5,83.7,83.8,84.2,84.4,84.9,84.8
"96","E07000064",75.5,76.4,76.2,76.7,75.9,76.4,76.4,76.5,76.8,77.4,77.8,77.6,77.8,78.3,79.1,79.4,79.6,79.7,79.9,80.1,80.6,80.8,81,81.4,81.6,81.7,81.8,81.9,81.9,81.4,81.2,81.3,82.1,82.6,82.8,83.3,83.5,83.8,83.6,83.9
"97","E07000065",75.9,76.2,76.4,76.7,76.8,77,77.4,77.8,78.2,78.3,78.6,78.9,79.4,79.6,80.5,80.5,80.8,80.3,80.6,81,81.2,81.9,81.7,81.7,81.1,81.3,81.7,82.5,82.6,83.1,82.9,82.9,82.9,83.4,83.9,83.7,84.3,84.1,84.5,84.2
"98","E07000066",74,74.4,74.8,74.8,74.8,75.4,75.5,76.1,76.1,76.5,76.6,76.8,77.5,77.5,77.9,78.3,79.1,79,79.5,79.5,79.8,80.4,80.3,80.3,80.3,80.3,80.6,80.6,80.9,80.7,80.5,80.4,80.9,81.2,81.7,81.6,82.3,82.5,83.1,82.9
"99","E07000067",75.1,75.4,75.8,75.7,75.7,76,76.4,76.8,77,77.1,77,77.2,77.7,78.5,78.6,79,79.6,79.6,80,79.6,80.7,81.1,80.3,80.7,80.2,80.6,80.4,80.3,80.3,80.4,80.7,81.6,81.8,82.4,82.5,82.7,82.9,82.7,83.1,83
"100","E07000068",74.8,75.1,75.5,75.7,75.9,76.5,77,77.2,77.5,78.2,79.4,79.5,79.7,79.7,80.4,79.8,80.8,81.2,82,81.4,79.5,79.8,80,79.6,80.1,80.3,80.3,80.8,81.6,82.2,81.9,81.9,82.5,83.3,83.5,83.5,83.7,84.1,84.5,84.4
"101","E07000069",75.5,75.4,75.8,75.7,75.9,76,76.3,76.8,77.8,77.9,77.9,77.7,78.5,79.1,79.5,79.4,79.6,79.6,79.8,79.9,80.8,80.9,80.4,80.2,80.4,80.5,80.6,80.2,80.6,80.9,81.1,81.1,81.4,82,82.1,82,82.6,83.1,83.6,82.8
"102","E07000070",76.7,77,76.8,77,76.6,76.6,76.7,77.1,77.4,77.8,78.2,78.8,79.1,79.7,79.9,80.2,80.4,80.7,80.8,80.7,81,81.1,81.2,81.7,81.9,82.3,82.1,82.2,82.4,82.8,83,82.9,83,83.5,83.9,84.2,84.3,84.2,84.3,84.3
"103","E07000071",75.1,75.5,75.5,75.5,75.8,76,76.3,76.8,77.2,77.6,77.6,77.8,77.9,78,78.3,78.5,79.2,79.5,79.8,79.7,80,80.4,80.5,81,81,80.8,80.6,80.8,81.2,81.9,82.1,82.1,82.2,82.5,82.9,83,83.1,83.2,83.2,83.4
"104","E07000072",75.4,75.8,75.6,76,76.4,76.6,76.5,76.2,76.5,77,77.6,77.9,77.8,77.9,78.3,78.9,79.5,79.6,80.1,80.2,79.9,79.7,79.6,79.9,80.2,80.7,81.2,81.1,81.3,81.4,81.4,81.3,81.5,82.1,82.2,82.2,82.6,83,83.6,83.8
"105","E07000073",74.3,74.8,75,74.9,75.1,74.9,75.5,75.3,76.2,76,76.5,76.3,76.6,77.3,77.7,78.1,78,78,77.9,78.2,79,79.2,79.7,79.8,79.7,80.6,81.5,82.1,81.2,81.3,81.7,82.9,82.6,82.9,82.6,83.1,83,82.8,82.3,82.4
"106","E07000074",74.6,74.6,74.7,74.9,75,75.9,76.8,77.1,77.1,77.4,78,77.4,77.4,77.4,78.4,78.7,78.9,79.5,80.1,80.6,79.3,78.9,78.8,79.4,80.2,80.6,80.9,81.5,81.5,81.9,81.4,81.7,81.5,82,82.6,82.8,83.4,83.4,83.4,83.4
"107","E07000075",74.8,75.1,75.4,76.2,76.7,77.2,77.4,77.4,77.4,77.9,78.5,79,79,79.3,79.7,79.8,80.3,80.3,81,81.2,80,80.2,80.1,80.6,81.1,81.8,82.7,82.7,82.7,82.2,82.3,82.7,83.1,84.3,84.4,84.6,84,83.7,84,84.6
"108","E07000076",74.2,74.5,75.2,75.9,76,75.9,75.6,75.6,75.8,76,76.1,76.3,76.4,76.7,77.2,77.7,78.4,78.3,78.1,78,80.2,80.4,80.1,80.1,80.2,80.2,80.1,80.2,80.6,80.5,80.7,81.1,81.4,81.5,81.4,81.5,81.9,82.1,82.4,81.9
"109","E07000077",76.3,76.3,76.5,76.5,76.8,77.1,77.2,78.1,78,78.9,79.3,80,80.1,79.5,79.6,79.8,80.7,81.2,81.4,81.8,79.8,80.4,80.8,80.9,81.1,81,81,80.9,80.7,81.6,81.5,82,82,83,83.2,83.9,83.9,84.9,85,85.1
"110","E07000078",74.6,75.4,75.6,75.7,75.7,75.8,76.2,76.3,76.4,77.3,77.5,78.4,78.5,78.6,78.9,79.1,79.9,80.2,80.4,80.6,79.9,80.3,80.4,80.5,80.7,81.1,81.3,81.3,81.5,81.5,81.4,81.8,82.2,82.8,82.7,83.1,83.6,84,84.3,84.3
"111","E07000079",75.6,76.3,76.7,77.1,76.9,77.2,77.1,77.8,77.7,78.3,78.6,78.7,79.1,79.8,80.5,80.5,80.1,80.5,81,81.2,81.8,82,82,81.9,81.6,81.7,81.2,81.1,81.5,82.5,83.3,83.3,83,83.2,83.4,83.7,83.8,84.3,85.1,85.8
"112","E07000080",74.6,74.5,74.6,74.3,74.6,75,75.3,75.6,75.9,76.2,76.4,76.6,76.9,77.1,77.4,77.9,78.6,79.3,79.6,79.7,79.4,79.6,79.8,79.5,79.8,80.2,80.7,81.1,81.4,81.3,81.4,81.3,82.3,82.2,82.4,81.4,82.4,83,83.9,83.8
"113","E07000081",73.6,74,74.3,74.5,74.6,75,75.6,75.8,75.8,75.8,75.8,75.7,76.3,77.2,77.8,77.8,77.6,77.8,77.7,78,79.5,79.7,79.3,79.3,79.3,79.8,80,80.5,80.7,81.2,81,80.8,80.8,81.4,81.8,81.9,82.2,82.4,83.1,83.4
"114","E07000082",75.7,75.7,75.8,75.9,76.4,76.6,76.9,76.7,77.1,77.4,78,78.3,78.5,78.6,78.3,78.8,79.1,79.8,80.1,80.5,80.9,80.7,80.3,80.6,80.5,81.1,81,81,81,81.2,81.5,81.9,82.3,82.4,82.7,82.5,83.1,83.2,83.8,83.5
"115","E07000083",75.4,76.3,76.4,76.6,76.4,76.7,76.7,77.1,77.9,78.5,78.6,78.2,78.5,78.6,79.3,79.1,79.5,79.5,79.7,80.2,80.4,80.3,80.4,81.1,80.8,81,80.9,81.7,81.8,81.8,81.8,82.3,82.5,83,83.1,83.7,83.4,83.8,83.9,84.1
"116","E07000084",74.7,74.8,75.1,75.4,75.3,75.6,75.7,76.4,77,77.1,77.4,77.4,78.4,79.1,79.4,79.7,80,80.2,80.5,80.8,79.8,80.2,80.7,80.6,80.3,80.1,80.2,80.6,81,81.5,81.6,81.8,82.1,82.6,82.8,82.6,82.9,82.7,83,83
"117","E07000085",75,75,75.2,75.6,75.4,75.5,75.8,76.7,77.7,78.2,78.4,78.5,79.1,79.1,79.3,79.5,80.3,80.6,81.1,81.2,80.4,79.7,79.6,79.7,80.1,80.3,80.5,81,81.2,81.6,81.5,81.9,81.9,82.2,82.4,82.6,83.1,83.7,84.1,84.2
"118","E07000086",75.6,75.8,76.1,76.2,76.3,76.6,76.7,76.9,77.3,77.6,77.8,78,78.8,79.6,79.8,79.5,80,80.6,81.5,81.6,80.1,80.4,80.7,81.3,81.4,81.7,81.6,81.5,81.4,81.3,81.5,81.5,81.9,82.4,83,83.2,83.6,83.8,84.7,84.9
"119","E07000087",75.4,75.6,75.9,77.1,77.4,77.6,77.6,77.6,78.2,78.2,78.7,79,79.4,80,80.7,81.2,81.1,80.6,80.7,80.9,80.6,80.7,81,81.2,81.4,81.5,81.5,81.6,81.7,82,82.3,82.8,83.2,83.4,83.8,84,84,83.8,83.7,83.9
"120","E07000088",74.6,75.1,74.6,74.5,73.9,74,74.6,75.3,75.4,75.8,76,76.9,76.6,77.2,77.3,78.6,78.8,79.2,78.8,79.1,80.1,79.3,79.1,79,79.1,79.7,79.9,80.7,80.8,81,80.9,80.7,80.9,81.3,81.1,81.3,81.1,81.7,81.8,82.3
"121","E07000089",76.8,77.5,77.2,77,76.6,77.1,77.6,78.3,78.8,79.5,80,80.1,80.2,80.7,81,81.5,81.3,81.8,82.6,82.9,80.6,81.2,81.1,81.2,80.7,81,80.9,81.3,81.9,83,83.4,83.2,83.3,84.1,84.7,85.4,85.6,86.1,85.9,85.6
"122","E07000090",74.9,74.9,75.1,75.1,75.7,76.2,76.5,77.1,77,77.1,76.7,77.4,78.2,78.7,78.8,79,79.2,79.4,79.5,79.6,79.5,79.9,79.6,79.5,79.5,80,80.5,81.1,81.1,81.5,81.5,81.7,82,82.3,82.7,82.8,82.9,83.2,83.1,83.4
"123","E07000091",75.8,76.3,76.3,76.3,76.6,77.1,77.8,78.2,78.8,79.1,79.3,79.2,79.4,80,80.3,80.5,80.8,81.2,81.8,81.9,81,81.5,81.2,81.7,81.3,81.6,81.2,81.6,82.2,83,83.1,83.4,83.6,84.1,84.1,84.5,84.7,85.2,85.2,85.2
"124","E07000092",74.5,74.6,74.4,74.7,75.1,75.9,75.9,75.9,75.9,76.2,76.7,77.2,77.8,78.3,79,79.2,79,78.4,78.8,79.1,79.9,79.6,78.9,79.6,80,80.5,80.6,80.8,81.1,80.3,80,80.2,81.3,82,82.1,81.9,82.5,82.7,83.2,82.9
"125","E07000093",74.9,75.8,76.6,76.8,76.5,76,76.9,77.4,77.9,77.7,77.8,78.4,78.5,79.2,79.1,79.7,79.8,80.6,80.6,80.8,80.4,80.6,80.7,80.6,80.4,80.5,81,81.1,81.4,81.4,81.9,82.1,82.3,82.6,83,83.5,83.9,84.2,84.6,84.6
"126","E07000094",75.7,75.8,76,76.2,76.8,77.4,77.9,77.7,77.9,78.2,78.7,79.3,79.6,80.1,80,80,80.5,81.1,81.8,82,80.3,81,81.1,81.3,81,81.3,81.8,82.4,82.5,82.5,82.6,82.3,82.7,83,83.4,83.2,83.3,84.4,85.2,85.9
"127","E07000095",75,75.2,76.1,76,76,75.7,76.3,76.7,77,77.4,77.2,77.5,78.3,79.2,79.6,79.5,79.8,80.5,80.8,80.7,80.8,80.9,80.8,81.2,81.5,81.6,81.7,81.6,81.8,81.9,82.2,82,82.1,82.3,82.6,82.9,83.9,84.5,85.1,84.4
"128","E07000096",76,76.2,76.1,76.4,76.6,76.7,76.5,76.8,77.2,77.9,78.5,78.7,79,78.8,79.2,79.7,80.5,80.7,80.6,80.3,80.7,80.7,80.5,80.9,80.8,81,80.8,81.2,81.4,81.9,81.5,81.7,81.6,82.2,82.9,83.1,83.4,83.3,84.3,84.5
"129","E07000097",75.5,76,76.1,76.6,76.6,77,77.1,77.5,77.7,78,78.1,78.7,79.2,79.8,80,79.8,79.9,80.1,80.8,81,80,80.1,80.1,80.3,80.7,81.4,81.4,81.1,81.2,81.8,82.2,82.2,82.3,82.5,83,83.2,83.4,83.6,84.4,84.1
"130","E07000098",75.1,75.6,75.8,76,76.2,76.3,76.4,76.3,77.1,77.3,77.7,77.1,77.4,77.8,78.7,78.7,78.8,79.1,80,80.7,79.1,79.5,79.4,79.8,79.5,79.7,80,80.5,80.6,80.5,80.8,81.4,81.7,81.9,82.2,82.7,82.7,83.5,83.6,83.5
"131","E07000099",75.5,75.7,75.7,76,76.3,76,76.3,76.3,76.7,76.8,77.3,77.8,78,78.2,78.6,78.7,79.5,79.4,80.1,79.9,79.5,79.8,80,80.2,80.1,80.1,80,80.6,80.7,80.7,80.9,81.4,82,82.4,82.7,82.3,82.4,82,82.6,82.8
"132","E07000100",75.5,75.4,75.9,76.7,77,77.4,77.6,78.1,78.2,78.3,78.4,78.1,78.8,79.3,80.2,80.7,81.2,81.4,81.3,81.7,79.9,80.1,80.3,80.8,81.1,81.2,81.2,81.5,81.8,82.1,82.4,82.1,82.5,82.6,83.4,83.5,83.7,84.1,84.6,85.3
"133","E07000101",74.5,74.7,75,75.7,75.7,75.8,75.6,76,76.2,76.3,76.3,76.6,77,77.7,77.6,77.4,77.5,78.3,79.1,79.6,82.2,81.7,80.5,80.5,80.3,79.9,79.5,79.6,80.5,80.6,80.1,80.5,81.2,82.1,81.8,81.9,82.3,82.8,82.8,82.6
"134","E07000102",75.7,76.3,76.3,76.5,76.7,77.2,78,77.8,77.8,77.4,78,78.2,79.2,79.7,80.3,80.3,80.2,79.9,80.2,80.3,81,81.7,81.7,81.9,82.2,82.2,81.7,81.3,81.7,82.2,82.2,82.4,82.3,82.8,82.7,83.5,84.2,84.4,84.7,84.5
"135","E07000103",74.8,74.6,75.2,74.9,75.3,74.7,75.1,75.2,75.9,76.3,76.4,76.7,77.1,77.4,77.5,77.5,78.1,79,79.2,79.2,80,80.2,79.8,79.7,79.6,79.5,79.8,80,79.8,79.8,80.1,80.9,80.8,80.9,81.2,81.5,81.8,81.7,82.5,82.3
"136","E07000104",75.3,75.5,75.7,76.2,76.4,77.3,77.1,76.8,77,77.3,77.9,77.8,78.3,78.2,78.7,79.1,79,79.3,79.5,80.1,80.7,81.1,81.2,80.9,80.6,80.9,81.1,81.6,81.8,82.2,81.9,82.1,82.6,82.7,82.7,82.2,82.9,83.3,83.6,83.6
"137","E07000105",74.6,74.9,75,75.4,75.2,75.4,76.1,77.2,77.7,77.9,78,78.5,78.8,79.2,79.3,80.1,80.1,80.5,80.7,81.3,80.1,80,80,80.4,80.6,80.8,80.9,81.1,81.7,82,81.5,81.6,81.8,82.1,82.2,82.8,83.5,83.7,84.1,84.4
"138","E07000106",74.8,75.1,75.6,75.6,75.4,75.9,76.3,76.9,77,77,77,76.7,77.2,77.8,78.6,78.8,78.6,79.1,79.5,80.2,80,80.1,80,80.5,80.3,80.7,80.7,81.1,81.1,81.5,81.6,81.6,81.4,81.5,81.9,82.2,82.5,82.7,83.2,83.4
"139","E07000107",73.5,73.7,73.8,74.6,75.1,75.5,75.1,75.3,75.6,76.3,76.8,77.1,77.2,77.6,78.2,79,79,79,79.1,79.1,78.4,78.7,79.1,79.1,79.6,79.6,79.9,79.8,79.8,80.2,80,80.3,80.4,81.3,81.7,81.5,81.2,81.2,81.4,81.7
"140","E07000108",74,74.5,74.1,74,73.7,74.3,74.9,75.4,75.8,76.1,76.2,76.6,76.6,77.6,77.4,78.2,77.5,78.5,78.5,79.2,79.7,79.8,80.1,80,80,80,80,80.1,79.9,80.1,80.6,81.3,81.5,81.7,81.6,81.8,82.4,82.4,82.5,82.3
"141","E07000109",73.9,74.8,74.8,75,74.6,75.2,75.6,76,76.1,76,76.2,76.8,77.5,78.2,78.5,78.6,78.3,78.4,78.8,79.6,79.2,79.4,79.7,80.3,80.3,80.2,80.3,80.3,80.6,80.8,81.1,81,81.4,81.6,81.8,82,82.2,82.6,82.9,83.4
"142","E07000110",74.7,75.1,75.7,76,76.2,76.4,76.5,76.9,76.9,77.3,77,77.4,77.3,78.1,78.1,78.8,78.9,79.1,79.4,79.9,80.3,80.2,80.1,80.2,80.4,80.6,80.8,80.9,81.1,81.2,81.6,81.7,82,82.1,82.3,82.4,82.7,82.8,83.3,83.4
"143","E07000111",75.6,76.1,76.2,76,76.5,77.3,77.8,77.7,77.7,78.3,78.8,79,79.3,80,80.6,80.8,80.7,81.1,81.2,81.5,80.1,80,80.7,80.8,81,81.4,82.1,82.3,82.5,82.4,83,83.1,83.3,83.9,83.7,83.5,83.3,83.6,84.3,84.4
"144","E07000112",74.1,74.5,74.4,75.1,74.9,74.4,74.9,75.3,76.2,76.3,75.9,76.4,76.5,77.4,77.9,78.5,79,79.3,79.3,79.3,79.8,79.8,79.4,79.7,80,80.5,80.4,80.3,80,80.1,80.3,81.2,81.2,81.4,81.7,82.8,83.5,83.7,83.7,83.6
"145","E07000113",74.1,74.5,74.4,74.5,74.2,74.7,74.8,75.1,75.6,76.1,76.3,75.9,76.6,76.8,77.1,77,77.3,78,78.5,79.3,78.6,79.1,79.5,79.7,79.6,79.8,79.9,80.1,79.7,79.8,79.8,80.4,80.7,81,81,81.1,81.3,81.6,82.2,82.7
"146","E07000114",73.6,73.9,73.9,73.7,73.7,73.8,74.2,74.6,74.8,75.1,74.7,75.1,75.1,75.8,76.4,76.9,76.6,76.6,76.6,77.6,79.2,79.5,79.1,78.8,78.8,79,79.6,79.6,80.2,80.2,80.3,80.2,80.1,80.6,80.9,81.6,81.8,82,82.2,82.5
"147","E07000115",74.9,75.1,75.5,75.9,76.1,76.1,76.3,76.7,77.3,77.4,77.4,78.1,78.7,79.4,79.5,79.8,80.2,80.3,80.4,80.6,79.7,80.1,80.3,80.6,80.7,80.9,80.7,80.8,81.2,82.2,82.5,82.5,82.4,82.9,83.4,83.9,84.2,83.8,84,84.4
"148","E07000116",75.3,75.7,76,75.7,76.2,76.2,77,76.8,77.9,78,78.4,77.9,78.4,78.8,79.4,79.7,80.4,81.1,81.5,81.4,79.9,80.1,80.5,81,80.7,80.4,80.3,80.6,81.1,81.3,81.5,81.2,81.9,82.4,82.9,83.2,83.3,83.7,84.4,85.1
"149","E07000117",71.3,71.9,72.1,72.5,72.1,72,72.1,72.9,74,74.4,74.4,74.1,74.5,75.2,75.3,75.3,75.1,75.5,75.6,75.7,76.3,76.6,77,77.6,77.5,77.7,77.5,78.1,78.3,78.6,78.1,78.2,78.6,78.7,79,79,79.5,80.4,80.6,80.5
"150","E07000118",73.1,73.5,74,74.3,74,74.1,74.1,74.5,74.9,75.6,76.3,76.1,76.3,76.7,77.4,77.2,77.5,77.6,78.5,79,78.2,78.6,78.8,79.3,79.3,79.1,79.2,79.3,79.4,79.5,79.9,80,80.5,80.8,81.4,81.3,81.4,81.4,81.9,81.9
"151","E07000119",74.4,74.8,74.8,75,75.4,75.6,75.6,75.6,76.1,76.5,76.9,77,77.7,78.1,78.6,78.4,78.7,79.1,78.9,79.1,79.5,79.7,80.2,80.4,80,80.1,80.2,80.8,81,80.7,80.5,80.7,81,81.5,81.6,82.1,82.4,82.8,83,82.8
"152","E07000120",71.8,72.3,72.6,73,72.4,72.7,72.6,73.2,73.5,74.3,74.8,74.9,75.1,75.2,75.3,75.2,74.9,75.3,75.8,76.5,77.7,78.2,78.2,78,77.4,77.6,77.9,78.3,78.4,78.6,79,79.3,79.3,79.4,79.7,79.8,80.2,80,80.4,81
"153","E07000121",73.5,73.5,73.5,73.5,74,74.5,74.9,75,74.5,74.8,74.9,75.7,75.9,76.3,76.6,76.7,77.2,77.3,77.5,77.4,78.8,79.2,79.1,79.3,79.5,79.4,79.4,79.6,80.1,80.2,80.2,80.3,80.9,81.1,81.2,80.6,80.8,81.2,82,82.2
"154","E07000122",72.9,73.3,73.4,73.4,73.7,74.1,74.7,75,74.8,74.9,74.8,75.3,75.3,75.5,75.9,76.3,76.8,77.2,77.7,77.9,78.5,78.9,79.8,79.6,78.9,78.4,78.5,78.9,79.2,79.6,79.6,79.9,79.7,80.3,80.3,81.2,80.9,81.1,80.9,81.7
"155","E07000123",71,71.5,71.2,71.5,72.5,73,73.2,73.2,73.8,74.6,74.4,74.7,74.5,75.2,75.1,75.3,75.6,76.1,77.2,77.4,76.7,77.2,77.5,78,78.2,78.4,78.5,78.6,78.7,78.7,78.7,78.9,79,79.6,80.1,80.2,80.3,80.3,81,81
"156","E07000124",73.7,73.7,73.9,74.7,75.1,75.2,74.8,75.7,76.3,76.6,76.6,76.4,77.4,77.6,78.7,79.2,79.2,79,79.3,80.5,79,79,79.2,79.7,79.7,79.8,80,80.7,81,81.4,81.5,81.5,82.1,82.8,82.8,83.5,82.8,83.3,83.2,84
"157","E07000125",72.3,72,72.3,73.3,73.5,73.8,73.5,74.1,74.3,74.5,74.4,74.6,75,75.8,75.6,75.9,75.2,76,76.2,77.6,77.3,77.2,77.4,77.9,78.1,78.1,77.8,78.3,78.6,79.2,78.9,79.5,79.4,80,80.3,80.5,80.4,80.5,80.9,81.6
"158","E07000126",74,74.2,74.5,75.2,75,75.3,75.4,75.9,75.9,76,76.5,77.2,77.7,77.5,77.5,77.8,78.4,79.4,79.7,80.1,78.7,78.7,79,79.4,79.5,79.8,80,80.3,80.3,80.5,80.6,81.1,81.5,81.9,81.6,81.7,82.3,82.9,83,82.8
"159","E07000127",73.9,73.9,73.9,74.6,74.7,75,74.8,74.9,74.9,75.2,75.7,75.7,76.2,76.4,77.7,77.7,78.3,78,78.5,78.7,78.4,78.6,78.6,78.8,79,79.3,79.2,79.2,79.4,79.6,79.4,79.7,80.1,80.6,80.6,80.8,80.8,81.3,81.7,82.5
"160","E07000128",73.5,73.4,73.4,73.6,73.8,74,74.2,74.5,75.3,75.5,75.9,75.9,75.9,76.8,77,77.7,77.6,78.2,78.3,78.2,79.1,79.5,79.5,80,79.6,79.6,79.6,80.4,80.8,81,81.1,81.2,81.1,81.1,81.2,81.8,82,82.3,82,81.8
"161","E07000129",76,76.6,76.4,76.8,77,77.1,77.1,77.3,78.3,78.7,78.9,78.4,79.1,79.3,79.8,79.6,79.7,79.4,80.2,80.7,80,80.4,80.3,80.7,80.9,81.5,81.7,81.8,82.3,82.7,82.8,83,82.9,83.2,83.1,83.3,84,84.3,84.8,84.6
"162","E07000130",75,75.3,75.6,76.4,76.3,76.4,76.3,76.5,76.8,77.4,77.3,77.3,77.2,77.9,78.4,78.9,79.5,79.3,79.4,79.6,80.2,80.1,80.2,80.3,80.4,80.5,80.9,81.2,81.2,81.5,81.5,81.7,81.4,81.9,82.8,82.9,83.3,83.1,83.9,83.6
"163","E07000131",75.2,75.5,75.6,76.4,76.4,76.7,77.3,77.6,77.9,78,78.2,78.8,78.8,79.7,79.5,80,79.5,79.9,80.3,80.3,80.5,80.1,80,80.8,81.1,81.6,81.6,82,81.8,81.9,81.9,82,82,82.2,82.6,83.8,84.2,84.6,84.8,84.8
"164","E07000132",74.8,75,75.4,75.5,76.5,76.3,76.7,76.5,77,77.7,77.9,78,78.5,78.9,79.4,79.4,79.7,79.7,80,80.2,80.1,80.7,80.6,81,81,81,80.8,81.1,81.5,81.9,81.5,81.4,81.2,81.4,81.9,82.8,83.8,84.1,84.7,84.5
"165","E07000133",74.3,75.3,76.2,76.1,75.7,75.8,76.4,76.4,76.6,77.1,77.6,77.9,78.5,78.5,79.1,79,80.1,80.2,80.2,80.2,80,80.4,80.6,79.9,79.6,79.6,80,81.2,81.5,82.3,81.9,82.4,82.1,82.4,82.3,82.4,83,83.3,84.5,83.7
"166","E07000134",73.5,74.3,74.6,74.9,75,74.8,75,75.2,76.1,77,77.3,77,77,77.2,77.8,77.9,78.6,79,79.5,79.4,79.4,79.4,79.5,80.3,80.5,80.4,80.1,80.4,80.8,81.1,80.6,80.7,80.7,81.3,81.3,81.9,82.1,82.2,82.8,83
"167","E07000135",75.4,76.3,75.9,77.1,77.3,78,77.9,77.6,77.9,78.2,78.4,78.1,77.9,78.1,79.2,79.9,79.6,79,78.9,80.1,81.8,81.1,80.3,79.9,80.4,80.7,80.9,81.1,81.3,81.4,81.5,81.3,81.5,81.6,82.2,82.5,82.8,82.9,83.5,84.1
"168","E07000136",74.5,74.6,75.3,74.9,74.8,74.7,74.8,75.7,75.8,76.2,75.6,75.4,75.6,75.9,76.4,76.5,76.7,77.5,78.1,78.8,79.1,79.4,79.9,79.7,79.5,79.9,80.2,80.6,80.3,80.3,80.1,80.2,80.9,81.2,81.2,81.3,81.2,81.7,82,82.5
"169","E07000137",73.6,74,74.5,74.7,75,75,75.1,75.4,75.8,76.4,76.4,76.4,77,77.1,77.2,77.1,77.3,77.4,77.7,77.8,79.1,79.4,79,79.3,80,80.2,79.7,79.5,79.9,80.5,80.6,80.7,81.2,81.4,81.8,81.4,81.6,81.4,81.4,81.8
"170","E07000138",72.9,73,73.3,73.4,73.7,73.6,73.7,74,74.4,74.6,75.2,75.7,76.3,76.2,76.4,76.4,76.9,77.1,77.2,77.7,77.7,78.3,78.5,79.3,78.9,78.5,78.1,78.2,79.1,79.6,79.3,78.9,79.3,79.9,80.3,80.2,81,81.1,81.9,81.8
"171","E07000139",74.4,75.1,75.4,75.5,75.8,76.1,76.2,75.9,76.3,77,77.6,77.1,77.8,78,79.3,78.9,79.3,79.6,80.3,80.7,79.1,79.4,79.6,80.4,80.6,80.1,80.2,80.1,80.5,80.8,80.7,81,81.5,82.7,83,83.1,83.1,83.5,83.7,83.3
"172","E07000140",74,74.5,74.3,74.1,74.2,74.4,75.7,76.1,76.6,76.4,76.7,76.6,77.3,77.7,78.1,78.2,78.4,78.9,79.4,79.6,79.1,79.3,79.2,79.7,80.4,80.9,81.4,81.3,81.2,80.9,81.1,80.9,81.5,81.9,81.8,81.5,81.6,82.6,83.5,83.4
"173","E07000141",74.5,74.7,74.4,75,75.5,76,76.2,76.2,76.6,76.9,77.3,77.8,77.8,77.9,77.7,78.3,79.1,79.7,80.2,80.1,80.2,80.3,80.5,80.1,80.2,80.5,81,81.2,81.4,81.5,81.8,82.1,82.5,82.3,82.1,82,82.6,83.3,83.9,84
"174","E07000142",73.7,74,74.5,74.5,74.9,74.8,75.2,75.5,76.1,76.1,76.3,76.2,76.6,77.4,78.4,79,79.1,79.3,79.2,79.4,78.9,78.3,78.7,78.7,79.1,79.6,79.8,80.1,80.3,80.5,80.6,81.1,80.8,80.7,80.7,81.1,81.9,82.3,82.9,83
"175","E07000143",75.4,75.5,75.6,76,76.7,76.8,76.7,76.4,76.8,76.8,77.1,77.4,78.1,78.5,78.9,79.2,79.5,79.7,79.9,80.1,80,79.8,80,80.6,81.1,81.3,81,81.2,81.6,81.6,81.3,81.2,81.8,82.2,82.5,82.6,83,83,83.2,83.3
"176","E07000144",75.7,76.1,75.9,76,76.4,76.9,77.5,77.8,78.1,78.3,78.6,78.6,78.6,78.9,79.1,79.7,79.8,80.4,81.2,81.4,80.6,80.4,80.4,80.5,80.5,80.8,80.9,81.1,81.5,81.3,81.7,81.7,82.4,82.6,83,83.5,83.3,83.4,83.5,84.1
"177","E07000145",73.5,73.7,73.8,73.9,74.3,74.4,74.6,74.4,75,75.6,75.9,76.2,76.2,76.6,76.9,77.3,77.5,77.7,77.7,78,79.3,79.8,79.6,80.3,80.2,80.1,80,80,80.1,80.4,80.8,81.1,81.5,81.3,81.8,81.5,81.6,81.7,81.9,82.2
"178","E07000146",74.6,74.9,75.1,75.6,76,76.1,76.2,76.1,76.4,76.4,76.7,77.2,77.9,78,78.3,78.8,79.4,79.3,79.4,79.6,79.8,80.2,79.9,80,79.8,80.3,80.3,81,81.6,82,81.7,81.7,81.8,82.1,82.2,82.2,83,83.6,84,84
"179","E07000147",75.7,76.3,76.7,76.8,77.2,76.9,77.2,76.8,77.5,77.6,78.4,78.4,78.3,77.8,78.2,78.6,79.1,79.6,80.4,80.5,80.3,80.6,80.4,80.6,81.4,81.2,81.5,81.1,82.1,81.8,81.9,82.1,82.9,83.7,84.2,84.3,84.5,84.6,85.1,85
"180","E07000148",73.7,74.1,74,74.6,74.7,75,74.8,75.2,75.7,76.2,76.3,76.8,76.6,76.7,77,77.6,77.4,77.4,77.9,78.9,81.4,81.6,81.2,81.1,81,81.1,81.2,81.7,82.2,82.2,82.2,82,82.4,82.5,82.9,82.7,82.9,83.1,83.7,83.9
"181","E07000149",76.7,77,76.8,76.9,77.5,77.4,77.5,77.7,78.5,79.1,79.4,79.8,80,80.2,80,80.1,80.3,80.8,81.1,81.3,80.5,81,81.3,81.7,81.8,81.4,81.7,82.1,83,83,82.8,82.5,82.9,83.2,83.5,83.3,83.4,83.4,84,84.3
"182","E07000150",71.2,72.4,72.4,72.8,72.4,73,72.3,72.5,72.4,73.7,74.2,74.3,74.4,74.3,74.4,74.3,74.3,75.3,76.2,77.3,76.7,77.1,77.7,78.1,78.2,78.4,78.7,79,79.3,78.9,79.1,79.1,79.7,79.7,80,80.2,80.8,80.3,80.3,80.2
"183","E07000151",74.4,75.6,76.3,76.3,76.1,76.4,76.6,76.7,76.8,77.1,77.5,77.6,77.8,78.3,78.4,78.4,78.9,79.4,79.8,79.5,79.9,79.7,79.8,79.7,79.9,79.2,79.4,79.5,80.3,80.8,81.3,81.3,81.8,82,82.1,82.2,82.8,83.5,83.9,83.5
"184","E07000152",75.1,75.3,75,74.7,74.8,75.1,75.9,76.1,76.6,77,77.3,77.4,77.3,78.1,78.8,79.3,79.3,79.6,79.7,80,79.6,79.6,79.8,79.7,80.3,80.5,80.6,80.7,81.1,81.2,81.5,81.3,81.1,81.1,81,81.6,81.6,81.9,82.6,83.1
"185","E07000153",74.3,74.7,74.8,74.7,74.8,74.9,75.3,75.1,75.6,76,76.6,76.6,76.9,77.3,77.8,78.7,78.4,78.6,78.4,79.2,79.4,79.2,79.3,79,79.4,79.8,80,80.1,80.4,81,80.9,80.8,80.6,81.2,81.3,81.8,82,82.1,82.3,82.7
"186","E07000154",73.5,74,74.1,74,73.9,74.3,74.8,75.2,75.6,75.7,75.8,76.1,76.6,76.7,77,77,77.6,77.2,77.6,77.4,78.3,78.4,79.1,79.6,79.8,79.5,79.5,79.7,80.2,80.4,80.6,80.5,80.8,81.2,81.3,81.7,81.7,82.2,81.8,81.8
"187","E07000155",75.6,75.6,76,76.1,76.1,76,76.6,76.7,77.3,77.6,78,78.4,78.9,79.7,79.9,79.9,80.2,80.6,81.4,82.2,79.8,79.9,80.4,81.1,81.1,80.9,80.8,81.3,81.9,82.1,81.8,82,82.3,82.5,83.1,83.1,83.8,83.7,84.2,84.4
"188","E07000156",73.4,74.7,75,75.8,76,76.2,75.9,75.3,75.6,75.6,75.8,75.6,76.6,77.3,77.6,77.5,78.2,79,79.5,80,79.8,79.9,80.1,80.7,80.7,80.7,79.8,80.4,80.5,81,81,81.3,82,82.2,82.5,82.8,82.8,83.3,83.2,83.7
"189","E07000163",74.1,74.2,74.3,75.7,76.1,76.6,76.4,77,77.3,77.9,78.3,78.6,79,79,79.3,79.3,80,79.8,80.4,80.6,79.9,80,80.7,80.9,81.4,81.2,81,80.5,80.8,81.5,82.2,82.9,82.7,83.4,83.3,83.7,83.9,84.3,84.8,84.6
"190","E07000164",75.3,75.6,76,76.6,76.6,76.4,76.5,76.8,77.7,77.9,78.2,78.4,78.5,79.3,79.2,80.3,80.4,81.2,81.2,81.3,79.8,80.4,80.8,80.6,80.4,80.7,81,81.5,81.6,81.6,81.9,82.1,82.9,83.2,83.5,83.4,83.6,84.4,85,85.5
"191","E07000165",74.8,75.3,75.2,75.3,75,75.3,75.8,76.7,77.1,77.3,77.5,77.7,78.5,78.9,79.4,79.1,79.2,79.4,80.3,80.6,79.3,80,79.8,79.8,79.8,80.1,80.4,80.6,81.3,81.9,82.1,82,82.1,82.5,82.6,82.6,83,83.7,83.9,83.8
"192","E07000166",73.9,74.1,75,75.4,75.4,75.6,76,77,76.9,76.8,77.1,77.8,78.4,78.7,79.4,79.1,79.4,78.9,79.6,80.2,78.8,78.9,79.6,80,80.3,80.4,80.8,80.9,81.1,82,82.3,82.3,81.4,81.3,81.5,82.5,82.5,82.7,82.6,83.1
"193","E07000167",75.5,75.4,76.4,77,77.8,77.1,77.2,77.1,77.9,78.1,77.9,77.9,77.8,78.6,78.4,79.2,79.2,80.2,80.7,80.7,80.6,80.1,81.1,81.3,81.3,80.8,81.4,81.7,82.5,82.4,82.7,82,81.8,82.2,82.1,82.6,82.8,83.6,83.5,83
"194","E07000168",74.5,74.2,74.2,74.4,74.6,74.9,74.8,75.1,75.4,76,76.6,75.9,76,76.1,76.8,77.4,77.8,78.3,77.9,77.9,79.9,79.9,79.9,80.1,80,80.2,80.1,80.4,80.8,80.9,80.9,80.8,81.1,81.2,81.5,81.8,82.3,82.2,82.1,82.2
"195","E07000169",74.4,74.8,74.8,75.4,76.2,76.4,76.6,76.8,77.2,77,76.9,77.1,77.7,77.9,78.1,78.4,78.9,80,79.6,79.4,78.9,79.2,79.2,79.6,79.7,79.8,80.1,79.7,80.1,80.4,81.2,81.6,82.2,82.8,82.5,82.7,82.9,83.5,83.8,83.5
"196","E07000170",73.7,74.4,74.3,74.1,73.8,73.7,73.9,74,74.1,74.1,74.4,74.8,75.2,75.6,76,76.5,77.1,76.9,77.4,77.6,78.3,79,79,79.7,79.4,79.4,79.3,79.4,79.4,79.1,79.2,79.3,79.9,80.4,80.5,80.6,80.6,81.1,81.5,81.7
"197","E07000171",73.5,73.6,74.1,74.6,74.6,74.1,74,74.3,74.7,74.9,75.3,75.8,76.5,76.6,76.8,77,77.6,77.9,78.2,78.6,78.4,78.8,79.3,79.7,79.7,79.3,79.4,79.5,79.9,80.1,80,79.9,79.9,80.2,81,81.2,81.3,81.3,81.9,82.1
"198","E07000172",74.6,74.6,74.5,75.3,75.8,76.2,76,75.8,76.3,76.3,76.9,77.4,78.1,78.5,78.7,78.8,79.1,79.2,79.7,80,80.1,80.3,80.2,80.6,80.6,80.7,80.2,80.3,80.3,81,81.2,81.8,81.9,82.3,82.3,82.2,82.8,83.2,83.6,83.6
"199","E07000173",74.5,74.4,74.7,74.8,75.8,75.7,75.8,76,77,77.7,77.6,77.8,78.1,78.5,78.5,78.2,78.8,79.1,80.1,80.5,79.5,80,79.8,80,79.9,80.6,80.6,81,81,81.1,81.1,81.1,81.6,82.1,82.1,82.2,82.1,82.8,83.1,83.1
"200","E07000174",73.1,73.7,73.8,74.2,73.8,73.7,73.7,74.1,74.8,75.4,75.2,75.5,75.5,75.9,75.6,76.2,76.6,77.4,77.9,78.3,79,79.3,79,79,79.2,79.4,79.9,79.7,79.9,79.7,79.5,79.8,79.9,80.6,80.5,80.7,80.7,81,81.6,82.1
"201","E07000175",73.5,73.8,74.1,74,74.6,74.6,74.9,74.8,75.5,75.9,76.2,76.6,77.2,77.7,77.7,77.4,77.6,78,78.7,79.3,79,78.5,78.6,78.6,78.9,79.4,79.6,80.2,80.1,80.2,80.5,81,81.3,81.2,81,81.4,81.9,82.4,82.6,82.7
"202","E07000176",74.6,75.1,75.4,76.3,76.4,76.6,76.6,76.9,77.3,77.9,78.3,78.8,79.2,79.5,79.7,80.1,80.4,80.4,80.8,80.9,80,79.9,79.7,80.1,80.5,81.1,81.5,81.7,81.5,81.7,81.8,82,82.2,83,83.6,83.9,83.6,83.7,84,84.4
"203","E07000177",75.5,75.6,75.8,75.8,76.2,76.6,76.9,76.7,76.7,77.2,77.4,77.8,78.1,78.6,78.9,78.8,78.8,78.9,79.6,80.1,80,80.3,80.6,80.5,80.8,80.7,80.7,80.9,81.1,81.6,81.7,82,82.4,82.6,83.2,83.4,83.5,83.4,83.7,83.7
"204","E07000178",74.3,74.9,75.2,75.3,75.3,76,75.7,76.1,75.9,76.4,76.5,76.6,77.4,77.3,77.8,77.7,78.1,78.6,78.7,78.9,80.1,80.1,79.9,80.2,80.5,80.8,81.1,81.1,81.5,81.6,81.7,81.6,81.7,81.8,82.4,82.6,83.3,83,83.4,83.1
"205","E07000179",75.6,75.6,76.1,76.8,77.6,77.2,77,76.9,77.3,77.7,78.4,78.8,79.1,79,79.4,79.9,80.1,80.5,80.7,81.1,80.6,81.2,81.5,81.5,81.1,80.5,80.7,80.9,82.1,82.3,82.5,82.4,82.6,82.9,83.2,83.5,84.2,84.7,84.8,84.6
"206","E07000180",75.8,76.3,77,77.2,77.5,77.5,77.9,78,78.3,78.3,78.4,78.5,79.2,79.3,80,80.2,81.1,81.3,81.4,81.4,81.3,81.2,81.6,81.5,81.7,81.6,81.4,81.9,82.3,82.7,82.2,82.4,82.8,83.4,83.7,84.6,85.1,85.1,84.6,84.5
"207","E07000181",76.1,76.5,77.1,77,77,76.6,77.2,77.1,77.8,78.1,78.5,79,79.4,79.5,79.7,79.5,80.2,80.1,80.7,80.7,80.6,81,80.9,80.8,81,81.2,81.3,81.5,81.9,81.9,81.9,81.8,82.1,82.6,83.2,83.6,83.8,83.5,83.7,83.7
"208","E07000187",75.4,75.6,75.7,75.7,75.8,76.1,76.8,77.1,77.7,77.4,77.4,77.3,77.4,78.1,78.5,79.3,79.8,80.2,80.5,80.5,80.6,80.5,80.8,80.5,80.5,80.2,80.4,80.4,81,81.3,81.7,81.8,81.9,82.3,82.6,83.1,83.5,83.6,84,84.2
"209","E07000188",74.9,75.3,75.5,75.4,75.6,75.5,75.8,75.9,76.4,77,77.4,77.6,77.8,78,78.6,78.2,78.5,78.7,79.9,80.6,80.1,80.5,80.3,80.8,80.6,80.9,80.6,81,81.2,82.4,81.9,82.1,82,82.6,82.8,83,83.3,83.4,83.8,84.1
"210","E07000189",75.3,75.5,76,76.3,76.5,76.4,77,77.4,78,77.6,78,78.4,79.2,79.1,79.5,79.7,80,79.8,80.3,80.9,80.7,80.8,81.2,81.2,81.1,81.1,81.6,82,81.9,81.7,82.1,82.2,82.4,82.7,83.2,83.7,83.9,84.1,84.3,84.4
"211","E07000190",75,75.1,75.1,75.2,75.4,75.9,76.1,76.7,76.9,77.2,77.2,77.5,77.6,78.2,78.4,78.8,78.8,79.1,79.2,79.8,80.4,80.7,80.6,81,81.1,81.5,81.3,81.1,81.8,82.1,82.9,82.5,82.6,82.8,82.8,82.8,82.3,82.7,83.3,83.8
"212","E07000191",76,77.2,77.3,77.6,77.4,77.3,77.1,76.9,77.8,78.3,78.8,78.5,78.9,78.9,79,78.9,79.3,79.2,79.6,79.4,81.4,81.3,81.2,81.7,81.8,81.9,82.6,83.3,83.3,82.8,82,82.1,82.4,83.5,83.7,83.9,83.5,83.8,83.5,83.8
"213","E07000192",72.9,73.5,73,73.4,73.9,75,74.8,74.6,74.4,75.1,75.2,75.5,75.5,75.6,76.3,76.3,77.2,77.4,78.5,78.7,78.8,79,79,79.5,79.3,79.4,79.1,79.3,79.5,80.2,80,80.3,80.3,80.8,80.3,80.4,80.9,81.7,82.7,82.9
"214","E07000193",72.8,73,73.3,73.9,74.4,74.3,74.5,74.1,74.1,74.7,75,75.9,76.2,76.8,76.8,77,77.4,77.5,78,78.5,78.4,79.1,79.6,79.5,79.9,79.7,79.8,79.5,79.8,80.4,80.4,80.6,80.6,80.7,80.7,81.1,82.2,82.9,83,82.9
"215","E07000194",74.1,74.3,74.3,74.7,75.1,75.3,75.4,75.2,76.1,76.3,76.4,76.3,76.8,78.1,78.5,78.8,78.6,78.8,79.4,79.9,78.4,79.4,79.1,79.2,79.1,79.4,79.5,79.3,79.3,79.6,79.8,80,80.3,80.9,81.6,81.5,81.9,81.8,82.6,82.9
"216","E07000195",73.2,73.5,73.7,74,74.1,74.6,74.6,74.7,75.2,75.7,75.8,75.9,76,76.8,76.5,76.9,77,78.1,78.6,78.9,79,79.2,79.1,79.1,79.3,79.7,79.6,79.6,79.8,80.4,80.9,81.1,81,81.4,81.3,81.6,81.3,81.5,81.8,82.3
"217","E07000196",74.3,74.7,75.2,75.4,75.7,76,76.5,76.6,77,77.4,77.5,77.4,77.2,77.4,78.1,78.9,79,78.9,79.6,80.1,79.6,80.4,80.5,80.7,80.6,80.7,79.9,80,79.9,80.7,80.8,81.1,81.2,81.5,81.8,81.9,82.2,82.7,83.3,83.2
"218","E07000197",73.6,74.2,74.8,75.5,75.7,76.1,76.1,76.6,76.7,76.7,76.7,76.9,77.4,77.6,78.1,78.3,78.8,79.3,80.1,80.3,78.6,78.7,79.3,79.7,80.1,79.9,79.9,80.2,80.4,81.1,81.3,81.9,81.9,82.2,81.9,82.3,82.6,83.3,83.5,83.6
"219","E07000198",73.4,73.7,73.8,73.8,74.4,74.9,75.5,75.8,75.9,76.4,76.3,76.9,77,77.5,78.1,78.4,78.7,78.5,79.1,79.6,79.2,78.9,78.1,78.6,79.4,79.5,79.3,79.7,80.2,80.9,80.9,81,81.1,81.3,81.9,82,82.2,82.6,83.1,83.5
"220","E07000199",73.8,74.1,73.4,73.6,73.6,74.3,74.7,74.8,74.9,74.7,75.2,76.2,77.6,77.9,78,77.8,78.1,78.1,78.8,79.4,79,78.3,78.5,78.7,79.7,79.7,80.1,80.3,80.5,80.2,80.1,80.3,80.4,80.5,80.7,81.2,82.1,82.8,83.1,83
"221","E07000200",76,76.3,76.3,76.5,76.6,77.2,77.2,77.4,77.3,78.2,78.7,78.6,78.9,78.7,79.3,79,79.5,80.1,80.9,81.9,80.5,81.3,81.6,81.7,81.6,81.2,81.5,81.5,82,82.1,82.4,82.4,82.6,83.2,83.4,83.9,83.6,83.6,84,84.5
"222","E07000201",74.6,75.1,75.6,75.9,76.8,76.6,77.1,76.8,77,77.1,77.2,77.5,78,78.7,78.8,79,79.5,79.7,80.1,79.8,80.1,80.1,80.1,79.9,80.3,79.6,80,80.1,80.8,80.8,80.5,80.8,81.5,83,83.3,83.6,83,83.4,83.9,84.8
"223","E07000202",74.5,74.4,74.5,74.5,75,74.8,75.5,75.9,76.7,76.6,76.7,76.5,77.2,77.9,78.1,78.1,78.1,78.3,78.9,79.3,80.2,80.1,79.9,80.2,80.2,80.6,80.6,81,80.9,81.3,81.4,81.7,81.7,82.2,82.9,82.9,82.9,82.9,83.2,83.4
"224","E07000203",76.1,76.1,76.3,76.3,76.5,76.9,77.4,78,78,78.4,78.4,78.8,79.4,79.9,80.2,80.2,80.5,80.7,81.2,81.7,79.9,80.4,80.7,81.5,81.2,81.4,81.1,81.8,82.1,82.7,82.3,82.5,82.6,83.3,83.7,83.5,83.9,84.1,84.9,84.9
"225","E07000204",74.8,75.3,75.5,75.7,75.8,76,76.3,76.5,76.7,76.8,77.3,77.5,78.2,78.8,79.3,79.9,80.1,81,81.3,81.5,80,80.5,80.5,80.4,80.4,80.3,80.7,80.6,81.3,81.5,81.7,82,82,82.8,83.2,84,84.1,84.1,84.5,84.2
"226","E07000205",76.6,77,76.5,77,77.1,77.6,78.2,77.9,77.9,77.8,78.3,78.9,79.2,79.8,80.3,80.6,80.7,80.4,80.6,80.6,80.7,80.8,81.3,81.4,81.4,81.5,81.5,82.2,82.2,82.6,82.3,82.5,82.5,82.9,83.4,83.8,83.9,83.7,83.7,83.9
"227","E07000206",75.1,75.5,75.3,75.2,74.9,75.1,75.1,75.9,76.3,77,77.1,77.5,77.8,78.5,78.6,78.8,78.8,79.3,79.3,79.4,80,80.4,80.2,80.3,80.2,80.8,81.2,81.7,81.7,81.8,81.5,81.6,81.6,82.4,82.3,82.5,82.8,83.4,83.8,83.6
"228","E07000207",76.8,77,77,76.9,76.7,77.2,77.5,77.9,78.1,78.5,78.9,79.1,79.6,80.4,81,81.2,81.4,81.7,81.8,81.6,80.9,80.8,81.1,81.4,81.5,81.5,81.6,82.3,82.6,83,83,83.2,83.3,83.5,83.1,83.2,83.5,83.8,84.3,84.5
"229","E07000208",74.9,75.3,75.4,76,76.6,77.4,77.8,78,77.8,77.9,77.9,79,79.3,79.9,80,81.4,82.1,81.9,81.9,82,80.3,81.4,81.7,82.1,82.3,82.4,82.3,82.5,83.1,83.7,84.1,84.2,84.5,84.1,84.2,84.1,85.3,85.7,85.8,85.5
"230","E07000209",75.8,76.3,76.3,76.8,77.3,77.4,77.9,77.7,78.4,78.6,78.9,79.1,79.4,80.1,80.2,80.4,80.8,81.5,81.9,82.1,81.6,81.8,81.9,81.7,81.9,82.4,82.9,83,83.2,83.9,83.8,83.9,83.6,83.8,84.3,84.5,84.9,84.6,84.9,85.3
"231","E07000210",77.1,77.1,76.5,76.8,76.7,77.1,77.3,77.3,77.7,77.7,78.3,78.8,79.5,80,80,80.7,80.5,81.1,81.1,81.7,81,81,80.7,81.2,80.9,81.9,82.3,82.7,82.5,82.7,83.2,83.2,83.1,83.5,84.1,84.3,84.1,84.4,84.9,85.2
"232","E07000211",75.3,75.5,75.6,75.8,75.9,76,76,76.4,76.5,76.9,77.3,77.9,78.3,78.7,78.7,79.3,79.8,80.1,80.4,80.8,80,80.2,80.1,80.2,80.1,80.6,80.7,81.4,81.2,81.5,81.5,81.4,81.5,81.7,82.5,83,83.4,83.4,83.8,84
"233","E07000212",75.7,76.4,76.3,76.7,76.5,77,76.7,77,77,77.4,77.7,78.2,78.5,78.6,78.9,79.7,80.3,80.9,80.8,81,80,80.3,80.3,81,80.7,81.1,81.2,81.8,81.7,82.3,82.3,82.3,82.1,82.3,82.7,82.9,83.3,83.9,84.7,84.4
"234","E07000213",76.1,76.3,76.9,76.3,76.5,76.5,76.8,76.9,77.2,77.4,78.2,78.5,78.8,78.8,79,79.7,79.8,80.1,79.8,80.1,80.6,80.7,80.7,80.6,80.7,80.6,81,81,81.3,81.6,82,81.9,81.7,82.3,82.5,83.2,83.8,84.1,84.1,83.4
"235","E07000214",75.7,76.2,76.5,76.9,76.7,77,77.3,77.9,77.9,77.6,77.5,78.3,79.2,80,80.2,80.1,80.6,80.7,81.3,81.1,80.5,80.7,80.7,80.4,80.3,80.5,81.3,81.4,81.6,81.5,81.6,81.9,82.2,82.6,83,83.6,84.1,84.3,84.4,84.1
"236","E07000215",75.6,75.9,76.4,76.5,76.6,76.7,76.9,77.2,77.7,78,78.7,78.8,79.1,79.5,79.5,80.2,80.1,80.8,80.9,80.7,79.8,80,80.6,81.2,81.2,80.8,80.8,81.3,81.5,81.9,81.6,82.5,82.7,83.5,83.2,83.1,83,83.2,83.7,84
"237","E07000216",76.7,76.8,76.7,76.9,76.6,77.2,77.5,77.9,78.4,78.4,78.4,78.4,78.9,79.7,80.3,80.9,80.8,80.8,81.3,81.9,81.5,81.6,81.8,81.7,81.7,81.8,81.9,82,82.1,82,82.2,82.6,82.7,82.8,83.6,84.4,85,84.7,84.8,85.1
"238","E07000217",75.7,75.9,76.2,76.2,76.7,76.5,77,77.1,77.7,77.7,78.1,78.3,79.2,79.4,79.3,79.3,79.7,79.8,80.4,80.5,80.1,80.2,80.2,80.5,80.5,80.3,80.6,81.5,81.8,82.1,81.8,82.3,82.6,83,83.1,83.5,84.2,84.8,84.8,84.4
"239","E07000218",73.4,74.1,74.2,74.6,74.7,75.5,75.6,76.3,75.9,76.1,75.5,76.3,76.5,77.7,77.3,77.6,77.4,77.8,78.3,78.7,78.5,79,79.2,79.2,79.4,79.5,80.2,80,80.6,80.9,80.7,80.3,80.5,80.8,81.3,81.2,82,82.2,82.2,82.3
"240","E07000219",72.7,73.3,73.5,74.2,73.9,74.3,74.2,74.4,74.6,75.2,75.8,76.1,76.1,76.1,76.4,76.6,76.9,77.4,77.7,78.2,78.5,78.8,78.5,78.4,78.5,79.1,79.3,79.6,79.5,79.6,79.5,79.8,80,80.1,80.4,80.9,81.6,82,82.2,82.6
"241","E07000220",75.3,74.7,74.1,74.6,75.2,75.8,75.8,75.8,76.5,76.9,77.2,77.2,76.7,77.7,78.3,79.5,79,79.1,79.6,80.2,78.7,78.5,79,79.5,79.8,79.8,80,80.4,80.7,80.6,80.2,80.3,80.4,81,81.6,82.1,82.8,82.9,83.5,83.7
"242","E07000221",74.8,75.4,75.7,75.9,75.7,75.6,76.2,76.3,77,77.1,77.9,77.8,78.3,78.7,79.1,79.4,79.6,80.6,80.7,81,80,80.6,81.3,81.4,81,80.6,80.6,81,81.4,82,82,82.3,81.9,82,82.1,82.7,83.1,83.6,84.5,84.9
"243","E07000222",74.6,74.7,75.2,75.3,75.2,75.6,76.2,76.9,77.3,77.6,77.9,77.6,77.7,78.1,78.9,79.1,79.2,79.5,80.3,80.4,78.9,79.5,80.1,80.1,80,80,80.2,80.4,80.8,81.4,81.9,82.5,82.8,83.2,83.1,83.4,83.6,84.2,84.5,84.7
"244","E07000223",74.7,75.3,75.5,76.2,76.1,76.4,76.4,76.6,77.1,77.4,77.3,77.1,77.4,78.3,78.4,78.4,78.5,79.3,80,80.3,80.9,80.8,80.7,80.3,80.1,80.5,81.2,81.2,81.5,81.9,82.4,82,81.4,81.3,81.2,81.5,82.4,83,83.6,83.3
"245","E07000224",74.6,75.1,75,75.5,75.6,76.4,76.4,77.2,77.2,77.8,77.6,77.6,77.7,77.9,78,78.6,78.6,79.2,79.1,79.7,80.8,80.8,80.6,80.7,80.6,80.8,80.7,81,81.2,81.5,81.8,81.9,82.2,82.1,82.2,82.4,83,83.2,83.6,83.5
"246","E07000225",76.4,76,75.9,75.6,76.3,76.3,77.3,77.8,78.4,78,77.9,78.2,78.8,79.1,79.1,79.1,79.3,80.1,80.8,81,80.6,80.8,81,81.1,81.5,81.8,82,81.9,81.9,81.9,82.3,82.5,82.8,82.9,82.7,83.1,83.6,84.5,84.5,84.6
"247","E07000226",74.5,75.3,75.1,75.8,75.9,76.9,76.6,77.1,77.7,78.6,78.7,78.9,79.3,79.2,78.9,79.1,79.9,79.7,79.6,79.4,80,80.3,80.7,80.5,80.3,80.7,80.5,80.8,80.5,80.9,80.9,81.7,81.8,82.4,83.3,84,84,83.3,83.6,83.6
"248","E07000227",76.1,76.5,76.8,76.7,77,77.4,78.3,78.5,78.6,78.6,78.7,79.2,79.8,80.1,80.1,79.8,80.5,81.1,81.8,81.5,80.6,81,81,81.5,81.8,81.9,81.8,82,82.5,82.5,82.8,82.8,83.3,83.3,83.2,83.2,83.6,84.1,84.6,84.4
"249","E07000228",75.6,75.7,75.9,76.5,76.8,77.2,77.2,77.7,77.9,78,77.8,78,78.7,79.8,80.1,80.4,80.5,81.2,81.6,81.9,80.9,80.9,80.9,81.1,81.5,81.6,82,81.9,81.8,81.4,81.6,81.8,82,82.3,82.9,83.4,83.7,83.6,83.9,84.2
"250","E07000229",74.3,74.6,75,75,75.1,75.5,75.5,75.7,75.4,76,76.3,76.5,76.8,77.2,78.2,78.2,77.8,77.6,78.3,78.8,80.1,80.4,80.3,80.2,80.1,80.4,80.9,81,81,81.1,81.1,81.3,80.8,81.2,81.2,81.8,82.5,82.4,82.9,82.9
"251","E07000234",75.5,75.8,75.7,76.2,76,76.2,76.1,76.4,77.2,77.5,77.7,77.7,77.8,78.6,79.2,79.7,79.5,79.7,80.7,80.4,79.6,79.9,79.7,79.7,79.5,79.7,80,80.2,80.6,80.8,81.1,81.1,81.4,81.4,81.8,81.9,82.2,82.8,83.1,83.5
"252","E07000235",74.9,75.3,75.6,76.2,75.8,76.1,76.6,77.4,77.9,78,77.6,77.6,77.5,78.5,78.6,79.2,79.1,79.7,79.8,80.4,79.4,79.4,79.9,79.8,80.2,80.4,80.5,80.7,80.7,80.9,81,81.3,81.5,82.1,82.5,83.3,83.4,83.3,83.4,83.4
"253","E07000236",74.6,74.3,74.2,74.6,74.9,74.8,75,75.6,76.3,77.1,77,77,76.5,76.8,77.3,77.6,78,78.2,78.7,78.9,79.2,79.3,79.5,79.6,80.3,81,81.1,80.4,79.8,80.2,80.6,81.1,80.5,80.3,80.6,81.5,82.5,82.7,82.8,82.9
"254","E07000237",73.9,74.3,74.7,74.7,74.8,75,75.1,75.2,74.9,75.7,76.2,76.8,77.2,77.7,77.3,77,77.1,77.8,78.6,78.8,79.6,80.2,80.2,80.6,80.5,81,81.2,81.2,81,80.7,80.9,80.8,81.2,81.5,82,82.1,82.1,82.6,83.2,83.3
"255","E07000238",74.8,74.8,75.3,75.7,76,76.1,76.4,76.6,76.8,77.5,77.8,78.8,78.6,78.8,79,79.5,80.3,80.3,80.8,80.7,80.2,80.2,79.5,80,79.8,80.2,80.7,81.2,81.6,82.1,82.5,82.6,82.5,83.2,83.6,83.8,83.9,84,84.7,84.6
"256","E07000239",73.9,73.8,74.3,74.1,74.8,75,75.8,75.8,76,76.1,76,76.3,76.7,77.5,77.8,78,78,78.4,78.7,79.2,79.6,79,79.4,79.5,79.9,80,80,80.5,80.8,81.2,81,81.2,81.3,81.6,81.9,82.4,82.7,82.7,82.9,83
"257","E08000001",72.1,72.5,72.8,73,73.2,73.2,73.3,73.6,74.2,74.4,74.3,74.5,74.6,75.3,75.3,75.6,75.8,76.7,77.2,77.4,77.3,77.6,78,78.2,78.3,78.3,78.5,78.9,79.4,79.6,79.2,79,79,79.4,79.6,79.9,80,80.5,81,81.4
"258","E08000002",73,73.3,73.4,73.2,73.6,73.5,74.1,74.2,74.8,75,75.5,75.4,75.8,76,76.5,76.6,77.2,77.5,78,78,78.4,78.6,78.6,78.5,78.6,78.8,79,79.4,79.6,79.8,79.9,80,80.2,80.2,80.5,80.8,81.1,81.1,81.1,81
"259","E08000003",69.6,69.7,69.7,70,70.1,70.4,70.3,70.5,70.8,71.4,71.8,72.2,72.4,72.8,73.2,73.5,73.7,73.7,74,74.8,76.4,76.5,76.6,76.9,76.9,76.9,76.6,76.7,77.1,77.5,77.8,77.9,78.2,78.4,78.7,78.7,78.8,78.8,79.3,79.5
"260","E08000004",71.2,71.6,72,72.3,72.1,72.1,72.3,72.8,73.3,73.5,73.7,73.8,74.2,74.6,75.2,75.3,75.5,75.7,76.3,77.1,77,77.3,77.6,78,78.2,77.9,78.1,77.9,78.5,78.5,78.6,78.8,79.2,79.3,79.1,79.3,79.8,80.4,80.9,81.1
"261","E08000005",71.4,72,72.3,72.8,72.3,72.4,72.3,73,73.5,74,73.8,74,74.3,74.9,75.1,75.6,75.8,76.3,76.3,76.8,76.9,77.3,77.2,77.3,77.5,77.9,77.8,77.9,77.9,78.8,78.8,78.9,78.8,79.1,79.5,79.8,80.3,80.5,81.1,80.8
"262","E08000006",70.8,70.7,71.1,71.3,71.6,71.7,72,72.7,72.8,73.2,73.2,73.4,73.8,74.1,74.6,74.5,74.7,74.8,75.6,76.1,76.5,76.7,76.8,77.2,77.3,77.5,77.8,78,78,78.1,77.9,78.3,78.4,78.7,79,79,79.6,79.9,80.4,80.5
"263","E08000007",73.5,74.1,74.5,75,75,75.4,75.5,75.7,75.9,75.9,76.1,76.5,76.9,77.2,77.5,78,78.2,78.8,79.3,79.8,78.9,79.1,79.4,79.9,80.1,80.2,80.2,80.5,80.7,81,81,81.3,81.2,81.8,82,82.4,82.3,82.4,82.9,83.1
"264","E08000008",72.2,72.3,72,72.2,72.2,72.4,72.7,73,73.3,73.3,73.6,74.1,74.5,74.9,75.3,75.6,75.7,75.6,75.9,76.3,77.9,77.9,77.7,77.6,77.9,78,78.1,78.1,78.6,79,79,79.4,79.5,79.7,79.5,79.5,79.6,80.2,80.5,80.6
"265","E08000009",73.9,74,74.1,74.1,74.7,74.8,75.6,75.7,76,76.4,76.6,77.3,77.3,77.8,77.8,78.3,78.7,79,79.5,79.6,78.5,79,79.4,79.8,79.5,79.3,79.1,79.5,79.9,80.3,80.6,80.8,81.1,81.5,82.1,82.6,83.2,83.3,83.5,83.7
"266","E08000010",72.4,72.7,72.8,73.2,73.6,73.6,73.4,73.5,73.7,74.2,74.4,74.7,75.1,75.4,75.5,75.7,76,76.6,77.1,77.4,77.4,77.7,77.9,78.3,78.1,78.2,78.1,78.2,78.1,78.5,78.6,79.2,79.4,79.7,79.6,79.8,80.3,80.7,80.8,80.8
"267","E08000011",71.6,72,71.6,71.8,71.5,72,72.2,72.3,72.7,72.9,73.4,73.6,73.9,74.3,74.8,75.4,75.8,76.2,76.4,76.6,76.9,77,76.7,77.3,77.4,77.4,77.5,77.7,78,78.2,78,78.1,78.4,78.9,79,78.9,79.5,79.9,80.8,80.7
"268","E08000012",70.9,71.1,71.2,71.1,71.2,71.5,71.7,71.9,72.1,72.6,72.7,73.2,73.4,74,74.1,74.6,74.8,75.2,75.7,76.1,77,77.2,77.3,77.1,76.9,76.8,76.9,77.2,77.3,77.6,77.7,78,78.1,78.4,78.9,79,79.5,79.6,80.1,80.2
"269","E08000013",72.4,72.4,72.4,72.6,72.8,73,73,73.5,73.8,74.3,74.3,75.1,75.3,75.4,75.4,75.8,75.9,76.4,77.3,78,77.7,78,78,78.5,78.2,78.2,78,78.9,79,79.4,79,79.5,79.5,80.2,80,80.3,80.3,80.9,81.4,81.6
"270","E08000014",72.7,73.2,73.3,73.9,73.7,74.1,73.9,74.5,74.4,74.9,75.1,75.6,75.9,76.2,76.5,77,77.3,77.2,77.4,77.5,78.8,78.6,78.8,78.9,79,79,79.3,79.6,79.7,79.9,79.9,80.1,80.4,81,81.4,81.6,81.7,82.1,82.8,82.8
"271","E08000015",72.4,73.2,73.2,73.2,73.1,73.5,73.8,73.9,74.3,74.9,75.2,75.4,75.6,75.8,75.9,76.2,76.6,77.3,77.6,77.9,78.3,78.7,78.9,79,79,78.8,79,79.2,79.7,79.9,80,80.2,80.3,80.8,81,81,81,81,81.7,81.9
"272","E08000016",72.3,72.5,72.5,72.8,73.2,73.2,73.6,73.7,74.2,74.4,74.6,75,75,75.4,75.5,76.1,76.5,77,77.4,77.8,77.7,77.9,78,77.9,78,78,78.6,78.5,79,79.1,79.6,79.5,79.4,79.5,79.9,80.2,80.2,80.5,80.9,81.5
"273","E08000017",72.8,73.1,73.4,73.5,73.4,73.4,73.6,74,74.6,74.9,75.1,75.1,75.4,75.8,76,76.2,76.5,77,77.6,77.5,78.1,78.4,78.7,78.7,78.4,78.3,78.5,78.9,79.4,79.6,79.6,79.8,80.1,80.4,80.7,80.9,81.3,81.4,81.8,81.7
"274","E08000018",72.7,73,73.1,73.5,73.9,74.2,74.1,74.5,74.9,75.2,75.2,75,75.3,75.9,76.3,76.6,76.7,77.3,77.8,78,78.2,78.5,78.4,78.5,78.5,78.8,79,79.4,79.7,79.6,79.5,79.5,79.9,80.5,80.7,80.8,80.8,81.2,81.7,81.6
"275","E08000019",72.9,73.2,73.4,74,74.1,74.3,74.4,74.6,75.1,75.4,75.7,76.1,76.6,77,77.2,77.5,77.7,78.1,78.4,78.7,78.7,79.2,79.2,79.4,79.2,79.4,79.5,79.9,80.2,80.3,80.4,80.5,80.6,81.2,81.2,81.4,81.4,81.7,82.1,82.4
"276","E08000020",71.4,71.7,71.9,72.5,72.8,72.8,72.9,73.2,73.7,74,74.2,74.6,75.1,75.4,75.9,76.3,76.6,77,76.9,77.2,77.3,77.6,77.6,78,77.9,77.8,77.9,78.1,78.4,78.8,79.2,79.5,79.6,80,80.5,80.7,80.8,81.2,81.4,81.3
"277","E08000021",71.5,72.1,72.4,72.8,73.2,73.3,73.3,73.4,73.8,74,74.2,74.3,74.7,75,75.5,75.4,75.9,76.4,77.2,77.5,77.5,77.7,77.8,78,78.1,78,78.4,78.6,79.4,79.4,79.6,79.7,80,80.1,80.3,80.2,80.6,80.6,81.2,81.4
"278","E08000022",72.5,72.8,73.2,73.2,73.5,73.4,74.1,74.5,75.2,75.1,75.2,75,75.6,76.2,76.7,76.6,76.8,77.2,77.8,78.1,77.8,78.2,78.4,79,78.7,78.8,79.1,79.2,79.5,79.5,79.9,79.9,80.5,80.7,81,80.7,81.1,81.3,81.8,82
"279","E08000023",71.8,72,72.7,72.9,72.9,72.8,72.9,73.5,73.6,74,74,74.6,74.7,75.1,75.4,76,76.2,76.5,76.6,76.8,77.5,77.7,78.3,78.9,78.8,78.5,78.4,78.6,79.5,79.5,79.8,79.4,79.8,80.1,80.4,80.3,80.7,80.7,81.3,81.2
"280","E08000024",71.6,72,72.3,72.6,72.9,73,73.2,73.3,73.6,73.7,74.1,74.5,75.2,75.4,75.5,75.3,75.7,76,76.7,77,76.9,77.2,77.4,77.7,78,78,77.9,77.9,78.2,78.7,78.9,79,79.4,79.8,80.2,80.4,80.7,80.6,80.8,80.7
"281","E08000025",72.1,72.4,72.4,72.9,73.1,73.3,73.4,73.6,73.6,73.7,73.9,74.3,74.8,75.2,75.6,75.9,76.5,76.9,77.3,77.6,78,78.4,78.6,78.6,78.6,78.9,79.2,79.3,79.4,79.7,79.7,79.9,80.1,80.5,80.7,81,81.4,81.6,82,82.1
"282","E08000026",72.4,72.8,72.9,73,73.2,73.6,73.9,74.3,74.7,75.3,75.5,75.5,75.3,75.6,76,76.3,76.7,77.1,77.6,78.1,78.5,78.5,78.6,78.6,78.7,79.1,79.1,79.5,79.7,79.9,80.1,80.3,80.5,80.6,80.8,80.9,81.2,81.4,81.9,82.1
"283","E08000027",73.7,74.1,74.2,74.4,74.5,74.8,74.6,74.9,75.1,75.6,75.7,76,76.2,76.6,77.1,77.3,77.8,78.2,78.7,78.9,79.3,79.5,79.4,79.4,79.5,79.8,79.9,80,80.2,80.3,80.3,80.5,80.8,81.3,81.5,81.8,82.2,82.4,82.8,83
"284","E08000028",71.6,71.9,72,72.4,72.5,72.4,72.6,72.9,73.4,73.7,73.7,74.1,74.4,74.4,74.3,74.4,75,75.6,76.3,76.8,78.1,78.1,78.2,78.3,78.5,78.6,78.7,78.5,78.5,78.8,78.9,79.2,79.4,79.8,80.1,80.1,80.7,80.9,81.4,81.3
"285","E08000029",75.4,75.8,75.9,76.3,76.2,76.3,76.4,76.6,76.8,77.1,77.6,78.2,78.5,78.4,78.4,78.9,80,80.7,81,80.7,80.4,80.6,80.6,80.5,80.6,81.4,81.7,81.8,81.6,81.8,82,82.1,82.7,83.3,83.8,83.6,83.9,83.9,84.6,84.6
"286","E08000030",72.7,73,72.9,73.2,73.5,74.2,74,74,74.1,74.8,75.4,75.7,75.7,75.8,75.8,75.9,76.3,77,77.3,77.9,77.9,78,78.2,78.7,79.2,79.6,79.6,79.6,80,80.3,80.4,80.4,80.7,80.8,81.3,81.3,81.9,81.9,82.3,82.3
"287","E08000031",72.2,72.5,72.7,73.3,73.3,73.6,73.2,73.6,74,74.5,74.4,74.5,75,75.4,75.7,75.7,76.3,76.8,77.3,77.4,78.6,79,78.9,78.7,78.6,78.9,79.1,79.3,79.7,80.1,80.1,80,80,80.1,80.4,80.6,81.1,80.9,81.6,81.7
"288","E08000032",72.2,72.7,72.9,73.1,73.2,73.1,73.2,73.5,73.9,74.2,74.6,74.9,75.4,75.5,75.9,76,76.5,76.7,77.2,77.5,78,78.3,78.3,78.5,78.6,78.7,78.7,78.7,78.8,78.9,79.1,79.5,79.6,79.8,79.8,80.2,80.4,80.9,81.2,81.5
"289","E08000033",72.3,72.8,73.1,73.1,73.4,73.7,73.9,74.6,75,75.4,75.3,75.3,75.7,75.9,76.6,76.9,77.1,76.9,77,77.5,77.6,78.1,78.2,78.7,79.1,79.1,79.6,79.7,80.2,80.2,80.3,80.7,80.8,81.3,81.3,81.4,81.2,81.4,81.9,82.2
"290","E08000034",72.9,73.3,73.6,74,74,74.1,74.2,74.7,74.9,75,75,75.4,76,76.3,76.6,76.6,76.9,77.2,77.6,78.2,78.3,78.5,78.6,78.7,78.8,79,79.6,79.9,79.9,79.5,79.3,79.6,80.1,80.6,80.6,80.8,81,81.4,81.8,82
"291","E08000035",73.5,73.8,74,74.1,74.3,74.5,74.6,74.8,75.1,75.4,75.5,75.8,76.1,76.5,76.7,76.8,77.3,77.5,77.9,78,79,79.4,79.5,79.5,79.6,79.8,80.1,80.3,80.5,80.6,80.7,80.9,81.1,81.4,81.6,81.6,81.7,81.8,82,82.1
"292","E08000036",72.4,72.8,73,73.3,73.5,73.6,73.9,74,74.4,74.7,75.1,75.4,75.7,75.8,76.2,76.2,76.5,76.9,77.5,77.8,77.9,77.9,78.1,78.3,78.6,78.9,78.9,79.2,79.3,79.6,79.7,79.8,79.9,80.3,80.5,80.6,80.9,81,81.5,81.3
"293","E09000002",72.5,73,73.2,73.2,73,73.2,73.4,73.9,74.2,74.7,74.5,74.8,75.2,75.7,76,76,76.1,76.5,77.2,77.6,78.4,78.5,78.7,78.5,78.8,79,79.4,79.4,79.6,79.7,79.4,79.2,79.3,79.8,80.3,80.5,80.8,81,81.6,82
"294","E09000003",75.4,75.7,76,76.2,76.4,76.5,77.1,77.2,77.5,77.6,78,78.3,78.4,78.9,79.4,79.8,80,80.2,80.8,81.4,80.5,80.6,80.5,80.7,80.4,80.6,80.7,81.1,81.4,81.8,82.2,82.6,82.9,83.3,83.4,83.8,84,84,84.2,84.5
"295","E09000004",75.4,75.5,75.6,75.8,75.9,75.9,76.1,76.6,77,77,77.1,77.6,78.2,78.5,78.7,79,79.3,79.8,80,80.3,80.2,80.6,80.5,80.5,80.3,80.4,80.6,80.7,80.9,81.2,81.3,81.5,82,82.6,82.8,82.8,83.2,83.6,84.1,84.4
"296","E09000005",73.4,73.9,73.9,74.2,74.3,74.4,74.9,75.4,76,75.9,76.1,76.5,77.3,78,78.3,78.6,78.9,79.3,79.8,79.9,79.7,79.9,79.6,79.7,80,80.3,80.7,81,81.4,81.6,81.8,82.3,82.7,83.2,83.5,83.6,83.7,83.7,84.4,84.5
"297","E09000006",75.4,75.6,75.5,75.8,76.3,76.7,76.9,77,77.2,77.5,77.7,78.1,78.5,79.1,79.5,79.7,79.8,80.2,80.7,81,81.1,81.2,81,81.1,81.1,81.1,81.3,81.5,81.8,82.1,82.1,82.3,82.6,83.3,83.5,83.6,83.7,84.2,84.5,84.5
"298","E09000007",71.6,71.7,71.4,71.8,72.6,73.1,73.1,73.3,73.6,74.3,74.7,75.5,75.6,76.4,76.9,77.8,78.3,78.9,79.9,80.5,78.8,79.1,79.2,79.9,80,80.4,80.2,80.1,80.3,80.5,81,81.2,81.7,81.9,82.6,83.1,84,84.7,85,85.4
"299","E09000008",74.2,74.8,74.9,75,75.1,75.5,75.9,76,76.4,76.7,76.9,76.9,77.2,77.5,77.9,78.4,79,79,79.2,79.2,79.2,79.6,79.6,79.7,79.8,80,80.3,80.2,80.4,80.5,80.7,80.7,81,81.2,82,82.2,82.8,82.6,83,83.2
"300","E09000009",73.2,73.6,73.9,73.9,74.3,74.6,75.1,75.3,75.7,75.9,76,76.4,76.9,77.5,78,78.5,78.6,78.6,78.7,79.2,79.3,79.6,79.4,79.4,79.5,79.8,79.9,80.2,80.6,81,81.2,81.3,81.6,82.1,82.9,83.1,83.2,83.3,83.9,84.2
"301","E09000010",74.8,75,75.3,75.4,75.5,75.4,75.7,75.9,76.3,76.9,76.7,76.8,77,77.7,78.3,78.5,78.8,79.2,79.8,80.5,80.2,80.5,80.5,80.6,80.7,81.1,81.1,80.8,80.6,80.9,81,81.1,81.2,81.9,82.3,82.6,82.8,82.9,83.9,84
"302","E09000011",72.5,72.8,73.1,73.3,73.3,73.3,73.6,74,74.3,74.2,74.1,74.6,74.8,75.1,75.1,75.7,76.2,77.1,77.8,78.5,78.7,78.8,78.8,78.8,78.8,78.6,79,79.5,79.7,80.1,80,80.1,80.1,80.6,81.2,81.5,81.7,81.6,82.1,82.2
"303","E09000012",71.3,71.7,71.4,71.7,71.9,72.6,72.7,73.3,73.6,74.2,74.4,74.5,75,74.9,75.5,75.7,76.8,77,77.7,77.7,77.4,77.8,77.9,78.7,79,79.6,79.2,79.6,79.7,80.1,80.3,80.7,81.2,81.3,81.4,81.3,81.5,81.7,82.3,82.8
"304","E09000013",70.8,71.1,71.1,71.3,72,72.8,73.5,74.1,75,75.5,75.7,76,76.3,77.5,77.4,77.4,77.4,78.2,78.6,79.1,78.5,78.9,78.9,79,79.3,79.5,79.9,80.6,81.3,81.6,81.5,81.8,82.1,83.1,83.5,83.6,83.5,83.3,83.4,83.3
"305","E09000014",72.5,72.7,72.6,72.8,72.9,73.4,73.9,74.1,74.4,74.7,74.6,74.7,75.2,76.1,76.3,76.6,77.1,78,78.9,79.4,78.4,78.7,78.3,78.9,78.9,79.7,80.1,80.3,80,80,79.8,80.2,80.9,82,82.7,83,83.6,83.6,83.7,83.8
"306","E09000015",75.9,76.1,75.7,75.9,75.9,76.6,76.4,77.1,77.5,78.2,78.5,78.6,78.8,79.1,79.8,80.7,81.4,81.7,81.7,82,81.1,81.5,81.3,81.4,81.4,81.7,82,82.3,82.6,83.2,83,82.9,82.7,83.2,83.7,84.4,84.6,84.9,85.4,85.6
"307","E09000016",74.3,74.9,74.8,74.9,75.1,75.3,75.9,76.2,76.6,76.5,76.7,77.1,77.7,78.2,78.3,78.4,78.7,78.8,79.1,79.3,79.8,80,79.9,79.9,80,80.3,80.7,80.7,80.9,80.8,80.9,81.1,81.4,82,82.1,82.6,83,83.5,84,83.8
"308","E09000017",74.6,75.1,75.3,75.3,75.4,75.5,75.8,76,76.3,76.2,76.5,76.7,77.4,77.4,78.1,78.3,78.8,78.9,79.7,79.9,80,80,80.1,79.9,79.9,80,80.3,80.7,81.2,81.5,81.4,81.3,81.6,82.2,82.7,83.1,83.3,83.5,83.6,83.5
"309","E09000018",73.3,73.7,74,74.1,74.4,74.6,75,75,75.1,75.1,75.4,75.7,76.3,76.8,77.2,77.7,78.2,78.7,79.1,79.5,79.7,79.9,80,80,79.7,79.8,79.8,80.2,80,80,79.9,80,80.4,80.9,81.6,82.1,82.6,82.9,83.2,83.3
"310","E09000019",71.3,71.1,71.4,71.5,72.2,72.6,72.9,73.4,73.3,73.5,73.4,74,74.7,75,75.3,75.3,75.9,76.7,77.2,77.8,78,77.7,77.8,78.4,78.9,79.5,79.3,79,78.8,79.1,79.5,79.5,79.8,80.2,81,81.3,81.6,82,82.6,83.2
"311","E09000020",73,73.3,72.9,73.3,74.1,75.5,76.6,77.3,78.1,78.8,79.4,80,80.9,81.7,81.7,81.8,81.5,81.6,81.6,82.1,80,79.9,80.4,81.1,81.4,81.4,81.6,82.3,82.9,84,84.7,85.3,85.3,85.9,85.9,86.4,86.1,86.3,86.1,85.8
"312","E09000021",75.5,75.7,76,75.9,76.1,76.2,76.5,77,77.3,77.6,77.7,78.3,78.4,78.8,79.1,79.7,80.3,80.9,81.1,81.4,80.3,80.4,80.3,80.6,81,80.8,80.6,80.4,81.1,81.3,81.3,81.5,82.2,82.8,83.1,83.4,83.7,84.2,84.5,84.8
"313","E09000022",71,71.3,71.2,71.3,71.6,72,72.6,72.6,73,73.1,73.5,74.1,74.9,75.1,75.8,75.7,76.3,76.9,77.6,78.2,77.8,78.1,78.2,78.6,78.4,79,79.2,79.1,79.2,79.4,79.9,80,79.9,80.2,80.7,81.2,81.2,81.3,82.3,83
"314","E09000023",72.3,72.3,72.3,72.3,72.2,72.5,72.9,73.2,73.5,74.1,74.5,75.1,75.2,75.8,76.1,76.3,76.4,76.9,77.6,78.2,78.8,78.8,78.5,78.4,78.4,78.1,78.3,78.7,79,79.1,79.1,79.6,79.8,80.5,81,81.2,81.6,81.7,82.3,82.6
"315","E09000024",74.7,75.2,75.2,75.5,75.4,75.8,76.1,76.7,76.7,77.2,77,77.6,77.8,78.8,79.4,79.5,79.9,80,80.4,80.2,80,80.1,80.3,80.8,80.8,80.7,80.6,81,81.4,81.9,81.8,82.1,82.3,82.8,82.7,82.9,83.1,83.8,84,84.2
"316","E09000025",71.4,71.8,71.6,71.9,71.6,71.8,71.6,72.3,72.7,73.3,73.7,74.3,74.8,74.8,75.5,75.6,76.3,76.5,77.5,77.7,77.6,77.6,77.4,77.9,77.9,78.3,78.3,78.5,78.7,79,78.9,78.8,78.9,79.4,79.8,80.4,80.8,81.4,82,82.6
"317","E09000026",74.6,75,75.5,75.6,75.8,76.1,76.2,76.4,76.5,76.7,77,77.3,77.4,77.8,78.3,78.9,79.3,79.4,79.9,80.3,80.2,80.4,80.1,80.3,80.4,80.7,80.9,81.3,81.5,81.5,81,81.3,81.6,82.1,82.5,82.6,83,83.2,83.8,84
"318","E09000027",74.9,74.8,74.8,75.3,75.9,76.5,76.9,77,77.4,77.8,78.4,78.7,79.3,79.5,80,80.3,81,81.2,81.5,81.7,80.6,80.9,81,81.3,81.3,81.6,81.5,81.7,81.8,82.2,82.3,82.4,82.8,83.2,83.9,84.4,85.4,85.6,86,85.9
"319","E09000028",71.2,71.1,71.5,71.5,72.3,72.9,73.4,73.3,73.3,73.6,74,74.6,75.2,76.1,76.3,76.3,76.7,77,77.7,78,77.7,77.8,78.3,78.6,78.7,78.8,79.1,79.7,79.9,79.9,80,80.2,80.7,81.2,81.4,81.6,81.9,82.2,82.7,83.1
"320","E09000029",75.1,75.1,75,75.4,75.5,75.7,75.7,75.9,76.4,77,77.3,78.1,78,78.6,78.7,79,79.3,79.4,79.9,80.5,80.1,80.2,80.2,80.3,80.3,80.1,80.1,80.2,80.2,80.5,80.6,81.2,81.8,82.5,82.5,82.6,83,83.5,84.1,84
"321","E09000030",70.6,70.7,70.6,70.6,71.3,72,72.5,72.8,72.7,72.7,72.9,73.7,74.6,75,75,75,75.6,76.2,76.7,77.1,78.5,78.2,77.5,77.5,77.6,78.5,78.9,79.3,78.8,78.9,78.9,79.2,79.8,80.2,80.4,80.4,80.8,81.3,81.9,82
"322","E09000031",73.5,73.4,73.5,73.7,74,74,74.1,74.3,74.4,74.3,74.7,75,75.5,75.5,76.3,77,77.9,78.3,79,79.2,78.9,79.2,79.3,79.4,79.5,79.7,79.2,79.1,78.8,79.5,79.5,80,80.4,80.9,81.3,81.5,82.1,82.5,83.1,83.4
"323","E09000032",71.8,72.1,72.6,73.1,73.3,73.7,74.3,74.8,75.1,75.4,75.6,76.2,76.3,76.7,77,77.6,77.9,78.3,78.8,79.1,78.2,78.4,78.6,78.8,79.1,79.2,79.4,79.7,79.9,80.2,80.2,80.5,80.8,81.1,81.4,81.4,81.9,82.5,83.1,83.2
"324","E09000033",72.4,72.5,72.5,73.2,73.9,74.6,75.9,76.3,77.1,77,77.4,77.7,78.3,79.5,80.5,81.4,81.4,81.4,81.2,81.1,79.5,80,80,80.6,80.5,80.8,81.1,81.8,82.2,82.7,82.6,82.8,82.8,83.7,84.1,85.1,85.4,85.4,85.1,85.1
